Order_ID,Order_Date,Ship_Date,Customer_ID,Customer_Name,Segment,Region,Category,Sub_Category,Product_Name,Sales,Quantity,Discount,Profit
ORD0001,3/10/2024,3/11/2024,CUST288,Customer_123,Home Office,East,Office Supplies,Storage,Storage Box,524.31,5,0.17,15.73
ORD0002,1/20/2024,1/27/2024,CUST255,Customer_16,Consumer,West,Technology,Phones,Samsung Galaxy,514.64,5,0.16,20.59
ORD0003,12/31/2024,1/1/2025,CUST150,Customer_178,Home Office,North,Technology,Computers,Laptop,132.52,3,0.06,18.55
ORD0004,3/9/2024,3/16/2024,CUST044,Customer_203,Home Office,South,Technology,Accessories,Mouse,91.91,1,0.01,17.46
ORD0005,3/5/2024,3/7/2024,CUST290,Customer_181,Consumer,West,Furniture,Bookcases,Wooden Bookcase,835.4,2,0.24,-33.42
ORD0006,11/1/2024,11/4/2024,CUST056,Customer_283,Consumer,South,Office Supplies,Paper,A4 Paper Pack,152.31,4,0.1,15.23
ORD0007,5/12/2024,5/15/2024,CUST209,Customer_50,Corporate,East,Office Supplies,Binders,Ring Binder,80.17,1,0.14,4.81
ORD0008,2/6/2024,2/12/2024,CUST112,Customer_8,Corporate,North,Office Supplies,Storage,File Cabinet,366.66,5,0.09,40.33
ORD0009,11/8/2024,11/14/2024,CUST125,Customer_291,Corporate,South,Furniture,Chairs,Gaming Chair,788.14,5,0.09,86.7
ORD0010,6/26/2024,7/2/2024,CUST277,Customer_46,Home Office,East,Office Supplies,Storage,File Cabinet,722.81,1,0.26,-43.37
ORD0011,3/26/2024,4/2/2024,CUST189,Customer_38,Consumer,North,Office Supplies,Paper,A4 Paper Pack,72.48,1,0.26,-4.35
ORD0012,10/27/2024,11/1/2024,CUST286,Customer_2,Consumer,West,Furniture,Chairs,Gaming Chair,128.06,5,0.2,0
ORD0013,7/23/2024,7/26/2024,CUST258,Customer_66,Consumer,West,Office Supplies,Binders,Ring Binder,340.92,2,0.1,34.09
ORD0014,1/5/2024,1/11/2024,CUST091,Customer_40,Consumer,West,Office Supplies,Paper,A4 Paper Pack,478.71,3,0.22,-9.57
ORD0015,10/19/2024,10/23/2024,CUST217,Customer_96,Consumer,West,Technology,Phones,Samsung Galaxy,848.85,3,0.22,-16.98
ORD0016,4/22/2024,4/25/2024,CUST230,Customer_201,Consumer,South,Furniture,Tables,Study Table,250.92,1,0.02,45.17
ORD0017,10/20/2024,10/25/2024,CUST168,Customer_228,Consumer,West,Furniture,Bookcases,Wooden Bookcase,51.18,4,0.02,9.21
ORD0018,8/27/2024,8/29/2024,CUST213,Customer_77,Consumer,West,Technology,Phones,Samsung Galaxy,725.69,3,0.19,7.26
ORD0019,10/20/2024,10/22/2024,CUST224,Customer_226,Corporate,West,Furniture,Tables,Study Table,695.26,3,0.18,13.91
ORD0020,1/28/2024,1/31/2024,CUST272,Customer_33,Consumer,East,Furniture,Bookcases,Metal Bookcase,729.16,4,0.2,0
ORD0021,2/7/2024,2/12/2024,CUST218,Customer_46,Consumer,South,Office Supplies,Paper,A4 Paper Pack,92.37,5,0.03,15.7
ORD0022,8/13/2024,8/20/2024,CUST228,Customer_203,Corporate,East,Office Supplies,Storage,File Cabinet,399.67,3,0.14,23.98
ORD0023,3/22/2024,3/25/2024,CUST152,Customer_155,Consumer,South,Furniture,Chairs,Office Chair,518.01,3,0.15,25.9
ORD0024,9/28/2024,10/5/2024,CUST117,Customer_47,Home Office,East,Furniture,Bookcases,Wooden Bookcase,912.13,3,0.17,27.36
ORD0025,2/10/2024,2/17/2024,CUST241,Customer_180,Home Office,North,Technology,Phones,iPhone,452.37,3,0.15,22.62
ORD0026,10/25/2024,10/27/2024,CUST199,Customer_2,Corporate,East,Furniture,Chairs,Gaming Chair,566.93,3,0.3,-56.69
ORD0027,3/20/2024,3/25/2024,CUST089,Customer_210,Corporate,East,Office Supplies,Storage,File Cabinet,297.45,4,0.05,44.62
ORD0028,12/18/2024,12/24/2024,CUST152,Customer_132,Corporate,East,Office Supplies,Paper,Notebook,775.12,4,0.29,-69.76
ORD0029,6/27/2024,7/2/2024,CUST237,Customer_189,Home Office,North,Office Supplies,Binders,Clip Binder,647.38,2,0.11,58.26
ORD0030,8/2/2024,8/8/2024,CUST265,Customer_134,Corporate,West,Furniture,Tables,Dining Table,758.49,1,0.2,0
ORD0031,6/16/2024,6/17/2024,CUST276,Customer_197,Home Office,West,Technology,Phones,iPhone,68.86,2,0.23,-2.07
ORD0032,2/4/2024,2/5/2024,CUST047,Customer_142,Corporate,East,Office Supplies,Paper,A4 Paper Pack,528.79,4,0.13,37.02
ORD0033,10/10/2024,10/14/2024,CUST114,Customer_58,Home Office,North,Office Supplies,Paper,Notebook,396.47,2,0.19,3.96
ORD0034,10/6/2024,10/8/2024,CUST066,Customer_37,Corporate,North,Office Supplies,Storage,Storage Box,214.03,5,0.25,-10.7
ORD0035,12/20/2024,12/26/2024,CUST038,Customer_172,Consumer,East,Office Supplies,Binders,Ring Binder,138.43,1,0.06,19.38
ORD0036,9/23/2024,9/29/2024,CUST274,Customer_17,Corporate,East,Technology,Phones,iPhone,363.83,4,0.18,7.28
ORD0037,1/28/2024,2/4/2024,CUST050,Customer_274,Consumer,West,Technology,Phones,Samsung Galaxy,847.54,4,0.04,135.61
ORD0038,8/17/2024,8/20/2024,CUST117,Customer_73,Corporate,North,Furniture,Tables,Study Table,476.73,1,0.21,-4.77
ORD0039,6/19/2024,6/26/2024,CUST136,Customer_242,Consumer,West,Furniture,Tables,Dining Table,722.83,3,0.21,-7.23
ORD0040,3/24/2024,3/26/2024,CUST104,Customer_148,Corporate,West,Furniture,Bookcases,Metal Bookcase,580.63,3,0.05,87.09
ORD0041,8/23/2024,8/24/2024,CUST046,Customer_73,Home Office,South,Furniture,Bookcases,Wooden Bookcase,880.13,3,0.24,-35.21
ORD0042,3/20/2024,3/22/2024,CUST109,Customer_80,Home Office,West,Technology,Computers,Laptop,535.59,5,0.14,32.14
ORD0043,2/4/2024,2/6/2024,CUST122,Customer_114,Home Office,West,Office Supplies,Paper,Notebook,624.92,4,0.26,-37.5
ORD0044,8/17/2024,8/19/2024,CUST067,Customer_116,Corporate,East,Furniture,Bookcases,Metal Bookcase,336.74,4,0.13,23.57
ORD0045,3/28/2024,4/3/2024,CUST249,Customer_225,Corporate,North,Office Supplies,Storage,Storage Box,431.45,5,0.18,8.63
ORD0046,11/28/2024,12/5/2024,CUST049,Customer_265,Consumer,South,Furniture,Tables,Dining Table,71.22,5,0.3,-7.12
ORD0047,6/28/2024,6/29/2024,CUST295,Customer_170,Corporate,West,Technology,Computers,Desktop,661.8,1,0.08,79.42
ORD0048,7/15/2024,7/21/2024,CUST143,Customer_134,Home Office,East,Office Supplies,Paper,Notebook,77.9,5,0.16,3.12
ORD0049,4/3/2024,4/7/2024,CUST244,Customer_204,Corporate,West,Technology,Computers,Desktop,186,2,0.15,9.3
ORD0050,12/16/2024,12/18/2024,CUST158,Customer_33,Home Office,West,Office Supplies,Storage,Storage Box,926.73,4,0.28,-74.14
ORD0051,10/31/2024,11/3/2024,CUST079,Customer_187,Corporate,South,Technology,Computers,Desktop,923.45,5,0.26,-55.41
ORD0052,7/21/2024,7/22/2024,CUST014,Customer_24,Home Office,North,Furniture,Tables,Study Table,635.68,3,0.15,31.78
ORD0053,1/9/2024,1/11/2024,CUST042,Customer_268,Corporate,North,Technology,Accessories,Mouse,405.8,5,0.23,-12.17
ORD0054,8/25/2024,8/31/2024,CUST046,Customer_29,Home Office,North,Office Supplies,Paper,A4 Paper Pack,955.81,3,0.22,-19.12
ORD0055,2/6/2024,2/13/2024,CUST014,Customer_109,Consumer,South,Furniture,Bookcases,Metal Bookcase,758.35,1,0.02,136.5
ORD0056,7/28/2024,7/30/2024,CUST210,Customer_273,Home Office,West,Office Supplies,Paper,Notebook,402.12,2,0.27,-28.15
ORD0057,2/21/2024,2/24/2024,CUST167,Customer_287,Consumer,East,Technology,Phones,Samsung Galaxy,570.26,5,0.06,79.84
ORD0058,12/28/2024,12/29/2024,CUST139,Customer_87,Corporate,East,Technology,Accessories,Mouse,267.83,2,0.27,-18.75
ORD0059,8/21/2024,8/26/2024,CUST278,Customer_260,Home Office,South,Furniture,Bookcases,Wooden Bookcase,165.27,3,0.18,3.31
ORD0060,12/10/2024,12/14/2024,CUST046,Customer_45,Home Office,West,Office Supplies,Binders,Clip Binder,467.4,5,0.08,56.09
ORD0061,6/8/2024,6/14/2024,CUST182,Customer_10,Corporate,North,Office Supplies,Paper,A4 Paper Pack,934.15,5,0.01,177.49
ORD0062,8/14/2024,8/18/2024,CUST092,Customer_193,Home Office,North,Office Supplies,Binders,Clip Binder,428.2,1,0.06,59.95
ORD0063,10/18/2024,10/20/2024,CUST242,Customer_177,Home Office,North,Technology,Phones,Samsung Galaxy,401.3,2,0.12,32.1
ORD0064,11/7/2024,11/10/2024,CUST057,Customer_33,Home Office,South,Furniture,Bookcases,Wooden Bookcase,850.47,2,0.11,76.54
ORD0065,11/18/2024,11/19/2024,CUST247,Customer_280,Corporate,West,Office Supplies,Paper,Notebook,774.47,3,0.13,54.21
ORD0066,9/5/2024,9/11/2024,CUST290,Customer_271,Corporate,East,Technology,Computers,Desktop,560.79,4,0.12,44.86
ORD0067,1/20/2024,1/22/2024,CUST102,Customer_78,Consumer,East,Technology,Accessories,Mouse,413.8,3,0.15,20.69
ORD0068,7/25/2024,7/28/2024,CUST046,Customer_110,Consumer,North,Office Supplies,Binders,Clip Binder,526.84,5,0.18,10.54
ORD0069,6/6/2024,6/8/2024,CUST049,Customer_166,Corporate,North,Furniture,Bookcases,Metal Bookcase,174.33,5,0.21,-1.74
ORD0070,10/5/2024,10/9/2024,CUST052,Customer_46,Consumer,South,Technology,Computers,Laptop,580.3,1,0.09,63.83
ORD0071,4/14/2024,4/16/2024,CUST295,Customer_119,Home Office,North,Office Supplies,Storage,File Cabinet,248.25,1,0.04,39.72
ORD0072,6/4/2024,6/5/2024,CUST171,Customer_208,Consumer,West,Office Supplies,Binders,Clip Binder,424.2,4,0.1,42.42
ORD0073,4/4/2024,4/7/2024,CUST075,Customer_71,Corporate,South,Technology,Accessories,Mouse,64.3,2,0.07,8.36
ORD0074,6/24/2024,7/1/2024,CUST194,Customer_73,Consumer,West,Office Supplies,Paper,A4 Paper Pack,987.79,4,0.06,138.29
ORD0075,7/23/2024,7/24/2024,CUST041,Customer_290,Corporate,South,Furniture,Bookcases,Metal Bookcase,961.55,3,0.1,96.16
ORD0076,9/24/2024,10/1/2024,CUST016,Customer_128,Consumer,West,Furniture,Tables,Study Table,36.69,4,0.15,1.83
ORD0077,4/7/2024,4/9/2024,CUST217,Customer_232,Home Office,West,Furniture,Chairs,Gaming Chair,615.98,4,0.02,110.88
ORD0078,4/9/2024,4/16/2024,CUST199,Customer_237,Consumer,West,Technology,Accessories,Headphones,147.75,2,0.09,16.25
ORD0079,7/25/2024,7/30/2024,CUST292,Customer_207,Home Office,North,Technology,Computers,Laptop,104.99,1,0.29,-9.45
ORD0080,1/21/2024,1/26/2024,CUST058,Customer_129,Consumer,East,Technology,Phones,Samsung Galaxy,464.94,5,0.14,27.9
ORD0081,2/2/2024,2/7/2024,CUST035,Customer_161,Home Office,East,Office Supplies,Binders,Clip Binder,177.37,5,0.11,15.96
ORD0082,4/19/2024,4/25/2024,CUST030,Customer_285,Corporate,South,Office Supplies,Paper,Notebook,310.48,4,0.23,-9.31
ORD0083,6/19/2024,6/24/2024,CUST269,Customer_73,Corporate,North,Technology,Accessories,Mouse,965.96,5,0.18,19.32
ORD0084,8/29/2024,8/31/2024,CUST080,Customer_36,Corporate,West,Technology,Phones,Samsung Galaxy,749.47,3,0.28,-59.96
ORD0085,10/5/2024,10/8/2024,CUST129,Customer_247,Home Office,South,Furniture,Chairs,Gaming Chair,913.98,4,0.13,63.98
ORD0086,6/5/2024,6/12/2024,CUST126,Customer_215,Home Office,East,Office Supplies,Storage,Storage Box,137.08,5,0.21,-1.37
ORD0087,11/5/2024,11/8/2024,CUST260,Customer_215,Home Office,North,Furniture,Chairs,Office Chair,124.86,4,0.24,-4.99
ORD0088,10/31/2024,11/6/2024,CUST073,Customer_251,Corporate,West,Office Supplies,Storage,File Cabinet,196.82,2,0,39.36
ORD0089,3/14/2024,3/17/2024,CUST175,Customer_40,Corporate,South,Technology,Phones,iPhone,959.4,3,0.11,86.35
ORD0090,11/10/2024,11/14/2024,CUST239,Customer_221,Corporate,North,Furniture,Bookcases,Metal Bookcase,879.73,2,0.06,123.16
ORD0091,9/4/2024,9/6/2024,CUST039,Customer_43,Home Office,South,Furniture,Tables,Study Table,297.2,5,0.08,35.66
ORD0092,10/19/2024,10/26/2024,CUST117,Customer_163,Home Office,East,Technology,Accessories,Mouse,835.07,3,0.14,50.1
ORD0093,4/2/2024,4/4/2024,CUST001,Customer_244,Corporate,East,Office Supplies,Binders,Ring Binder,116.25,4,0.27,-8.14
ORD0094,1/9/2024,1/15/2024,CUST233,Customer_68,Consumer,East,Office Supplies,Storage,Storage Box,631.43,2,0.03,107.34
ORD0095,2/14/2024,2/17/2024,CUST241,Customer_190,Home Office,South,Office Supplies,Paper,Notebook,528.09,5,0.25,-26.4
ORD0096,8/18/2024,8/21/2024,CUST152,Customer_151,Corporate,South,Office Supplies,Binders,Ring Binder,511.18,3,0.22,-10.22
ORD0097,11/14/2024,11/17/2024,CUST223,Customer_225,Consumer,West,Technology,Phones,Samsung Galaxy,446.56,3,0.08,53.59
ORD0098,12/25/2024,12/27/2024,CUST230,Customer_101,Home Office,West,Furniture,Bookcases,Metal Bookcase,202.88,2,0.27,-14.2
ORD0099,5/21/2024,5/25/2024,CUST048,Customer_145,Consumer,West,Technology,Accessories,Mouse,764.17,2,0.01,145.19
ORD0100,6/6/2024,6/10/2024,CUST225,Customer_280,Home Office,North,Office Supplies,Storage,File Cabinet,911.65,1,0.04,145.86
ORD0101,6/28/2024,7/1/2024,CUST087,Customer_281,Home Office,South,Office Supplies,Storage,File Cabinet,476.68,1,0.15,23.83
ORD0102,2/2/2024,2/7/2024,CUST134,Customer_230,Consumer,West,Office Supplies,Storage,File Cabinet,774.16,2,0.15,38.71
ORD0103,7/1/2024,7/5/2024,CUST157,Customer_90,Home Office,North,Technology,Phones,Samsung Galaxy,699.21,2,0.16,27.97
ORD0104,11/17/2024,11/20/2024,CUST017,Customer_55,Corporate,East,Furniture,Bookcases,Wooden Bookcase,932.6,5,0.14,55.96
ORD0105,7/12/2024,7/17/2024,CUST074,Customer_199,Home Office,North,Office Supplies,Binders,Clip Binder,248.22,5,0.07,32.27
ORD0106,11/23/2024,11/24/2024,CUST203,Customer_97,Corporate,West,Office Supplies,Storage,Storage Box,437.44,4,0.28,-35
ORD0107,8/23/2024,8/28/2024,CUST060,Customer_64,Consumer,East,Technology,Accessories,Mouse,415.78,1,0.11,37.42
ORD0108,8/14/2024,8/16/2024,CUST039,Customer_78,Consumer,West,Technology,Phones,Samsung Galaxy,527.08,4,0.14,31.62
ORD0109,9/30/2024,10/7/2024,CUST010,Customer_192,Corporate,West,Office Supplies,Binders,Clip Binder,240.84,2,0.27,-16.86
ORD0110,7/21/2024,7/27/2024,CUST221,Customer_32,Home Office,West,Office Supplies,Binders,Clip Binder,531.96,1,0.14,31.92
ORD0111,12/4/2024,12/7/2024,CUST277,Customer_187,Consumer,North,Furniture,Tables,Study Table,203.39,2,0.1,20.34
ORD0112,3/24/2024,3/27/2024,CUST287,Customer_36,Corporate,South,Furniture,Tables,Dining Table,384.85,3,0.05,57.73
ORD0113,9/26/2024,9/30/2024,CUST288,Customer_174,Home Office,East,Technology,Computers,Desktop,278.24,5,0.18,5.56
ORD0114,1/3/2024,1/7/2024,CUST227,Customer_229,Corporate,West,Furniture,Chairs,Office Chair,493.21,4,0.01,93.71
ORD0115,6/13/2024,6/14/2024,CUST097,Customer_147,Corporate,North,Furniture,Bookcases,Metal Bookcase,43.79,3,0.27,-3.07
ORD0116,3/10/2024,3/12/2024,CUST030,Customer_290,Corporate,South,Technology,Phones,Samsung Galaxy,156.57,4,0.2,0
ORD0117,5/15/2024,5/19/2024,CUST106,Customer_117,Home Office,North,Furniture,Bookcases,Metal Bookcase,490.63,3,0.24,-19.63
ORD0118,3/24/2024,3/26/2024,CUST264,Customer_246,Corporate,South,Office Supplies,Storage,Storage Box,971.27,4,0.06,135.98
ORD0119,6/27/2024,7/3/2024,CUST094,Customer_255,Consumer,North,Furniture,Bookcases,Wooden Bookcase,293.21,2,0.11,26.39
ORD0120,10/19/2024,10/20/2024,CUST076,Customer_276,Consumer,East,Furniture,Bookcases,Metal Bookcase,621.46,1,0.27,-43.5
ORD0121,6/22/2024,6/29/2024,CUST258,Customer_137,Consumer,North,Technology,Accessories,Mouse,191.93,4,0.16,7.68
ORD0122,11/25/2024,12/1/2024,CUST200,Customer_135,Corporate,North,Office Supplies,Storage,File Cabinet,558.55,1,0.12,44.68
ORD0123,9/24/2024,9/29/2024,CUST140,Customer_248,Consumer,West,Technology,Accessories,Headphones,638.01,2,0.15,31.9
ORD0124,10/24/2024,10/25/2024,CUST234,Customer_84,Consumer,East,Technology,Accessories,Headphones,971.92,1,0.21,-9.72
ORD0125,5/1/2024,5/7/2024,CUST171,Customer_202,Home Office,North,Furniture,Tables,Study Table,118.9,2,0.12,9.51
ORD0126,4/11/2024,4/13/2024,CUST211,Customer_131,Consumer,West,Furniture,Tables,Dining Table,37.1,4,0,7.42
ORD0127,4/30/2024,5/1/2024,CUST248,Customer_36,Consumer,South,Technology,Phones,Samsung Galaxy,845.22,1,0.27,-59.17
ORD0128,10/25/2024,10/30/2024,CUST283,Customer_43,Consumer,East,Office Supplies,Paper,Notebook,591,2,0.01,112.29
ORD0129,12/5/2024,12/8/2024,CUST286,Customer_200,Consumer,South,Furniture,Chairs,Gaming Chair,724.03,1,0.29,-65.16
ORD0130,3/20/2024,3/23/2024,CUST252,Customer_289,Consumer,North,Furniture,Bookcases,Wooden Bookcase,128.3,2,0.05,19.25
ORD0131,2/21/2024,2/24/2024,CUST140,Customer_229,Corporate,North,Furniture,Bookcases,Wooden Bookcase,541.79,4,0.08,65.01
ORD0132,6/8/2024,6/9/2024,CUST168,Customer_169,Consumer,North,Office Supplies,Binders,Ring Binder,423.37,2,0.01,80.44
ORD0133,5/14/2024,5/19/2024,CUST235,Customer_47,Home Office,South,Technology,Computers,Desktop,192.59,5,0.25,-9.63
ORD0134,8/1/2024,8/8/2024,CUST110,Customer_94,Consumer,West,Office Supplies,Binders,Ring Binder,488.05,5,0,97.61
ORD0135,7/13/2024,7/14/2024,CUST242,Customer_172,Corporate,North,Technology,Phones,iPhone,927.78,2,0.15,46.39
ORD0136,7/10/2024,7/14/2024,CUST252,Customer_253,Consumer,East,Furniture,Chairs,Gaming Chair,535.54,4,0.15,26.78
ORD0137,5/5/2024,5/10/2024,CUST227,Customer_159,Home Office,West,Technology,Phones,Samsung Galaxy,178.43,5,0.25,-8.92
ORD0138,3/1/2024,3/2/2024,CUST067,Customer_67,Corporate,East,Technology,Accessories,Mouse,178.07,5,0.11,16.03
ORD0139,3/12/2024,3/15/2024,CUST225,Customer_200,Home Office,North,Office Supplies,Paper,A4 Paper Pack,757.03,1,0.17,22.71
ORD0140,8/6/2024,8/7/2024,CUST139,Customer_64,Corporate,South,Office Supplies,Storage,Storage Box,575.59,3,0.1,57.56
ORD0141,8/15/2024,8/19/2024,CUST152,Customer_120,Corporate,East,Furniture,Tables,Study Table,389.23,1,0.15,19.46
ORD0142,12/30/2024,1/4/2025,CUST012,Customer_180,Consumer,North,Furniture,Bookcases,Metal Bookcase,542.41,5,0.04,86.79
ORD0143,12/9/2024,12/16/2024,CUST103,Customer_10,Consumer,South,Technology,Phones,Samsung Galaxy,653.28,2,0.13,45.73
ORD0144,7/11/2024,7/14/2024,CUST118,Customer_215,Home Office,South,Furniture,Chairs,Gaming Chair,76.84,5,0.08,9.22
ORD0145,12/21/2024,12/26/2024,CUST055,Customer_229,Consumer,South,Furniture,Tables,Dining Table,529.04,5,0.01,100.52
ORD0146,1/21/2024,1/25/2024,CUST135,Customer_227,Consumer,North,Technology,Computers,Laptop,223.69,5,0.21,-2.24
ORD0147,2/19/2024,2/26/2024,CUST190,Customer_71,Corporate,North,Furniture,Tables,Study Table,848.62,4,0.16,33.94
ORD0148,7/1/2024,7/5/2024,CUST130,Customer_198,Consumer,North,Office Supplies,Paper,A4 Paper Pack,250.34,4,0.12,20.03
ORD0149,12/12/2024,12/19/2024,CUST073,Customer_296,Consumer,East,Furniture,Chairs,Gaming Chair,731.73,5,0.13,51.22
ORD0150,4/6/2024,4/11/2024,CUST201,Customer_12,Corporate,North,Technology,Computers,Laptop,202.12,4,0.29,-18.19
ORD0151,8/26/2024,8/27/2024,CUST255,Customer_110,Corporate,West,Technology,Computers,Laptop,338.8,2,0.17,10.16
ORD0152,7/9/2024,7/13/2024,CUST210,Customer_175,Home Office,West,Furniture,Bookcases,Metal Bookcase,566.99,2,0.26,-34.02
ORD0153,8/23/2024,8/25/2024,CUST171,Customer_71,Home Office,North,Furniture,Bookcases,Wooden Bookcase,659.67,4,0.13,46.18
ORD0154,4/25/2024,4/30/2024,CUST039,Customer_149,Consumer,East,Technology,Accessories,Headphones,731.62,5,0.15,36.58
ORD0155,3/24/2024,3/31/2024,CUST055,Customer_246,Home Office,South,Furniture,Bookcases,Wooden Bookcase,682.3,2,0.05,102.35
ORD0156,2/18/2024,2/23/2024,CUST091,Customer_243,Home Office,West,Technology,Accessories,Headphones,412.07,4,0.3,-41.21
ORD0157,9/6/2024,9/11/2024,CUST057,Customer_242,Consumer,South,Technology,Phones,Samsung Galaxy,506.71,4,0.04,81.07
ORD0158,2/16/2024,2/20/2024,CUST282,Customer_9,Consumer,West,Office Supplies,Binders,Clip Binder,582.97,4,0.12,46.64
ORD0159,2/21/2024,2/24/2024,CUST153,Customer_203,Home Office,West,Furniture,Bookcases,Wooden Bookcase,353.03,2,0.22,-7.06
ORD0160,6/18/2024,6/20/2024,CUST267,Customer_158,Corporate,South,Furniture,Bookcases,Metal Bookcase,585.89,4,0.04,93.74
ORD0161,4/23/2024,4/24/2024,CUST236,Customer_76,Corporate,South,Office Supplies,Binders,Ring Binder,561.17,1,0.2,0
ORD0162,7/11/2024,7/18/2024,CUST153,Customer_233,Consumer,North,Office Supplies,Paper,A4 Paper Pack,300.52,2,0.1,30.05
ORD0163,3/31/2024,4/1/2024,CUST174,Customer_160,Corporate,North,Office Supplies,Paper,Notebook,879.55,2,0.27,-61.57
ORD0164,8/27/2024,8/30/2024,CUST087,Customer_23,Corporate,West,Office Supplies,Storage,Storage Box,638.51,1,0.13,44.7
ORD0165,3/9/2024,3/11/2024,CUST192,Customer_158,Home Office,South,Furniture,Bookcases,Wooden Bookcase,41.17,2,0.09,4.53
ORD0166,2/15/2024,2/19/2024,CUST182,Customer_222,Corporate,South,Technology,Accessories,Headphones,655.72,2,0.28,-52.46
ORD0167,5/9/2024,5/12/2024,CUST074,Customer_290,Consumer,South,Technology,Computers,Desktop,594.21,5,0.24,-23.77
ORD0168,1/9/2024,1/13/2024,CUST223,Customer_161,Home Office,North,Furniture,Bookcases,Metal Bookcase,669.56,1,0.03,113.83
ORD0169,7/20/2024,7/22/2024,CUST186,Customer_221,Home Office,East,Office Supplies,Storage,File Cabinet,675.78,4,0.02,121.64
ORD0170,1/31/2024,2/4/2024,CUST023,Customer_226,Home Office,South,Office Supplies,Storage,Storage Box,900.87,1,0.2,0
ORD0171,5/28/2024,6/3/2024,CUST004,Customer_123,Home Office,North,Office Supplies,Paper,Notebook,397.54,2,0.29,-35.78
ORD0172,7/18/2024,7/23/2024,CUST217,Customer_5,Consumer,West,Furniture,Bookcases,Wooden Bookcase,445.27,3,0.2,0
ORD0173,4/22/2024,4/25/2024,CUST289,Customer_174,Corporate,West,Furniture,Chairs,Gaming Chair,881.19,3,0.07,114.55
ORD0174,7/22/2024,7/25/2024,CUST028,Customer_105,Consumer,South,Furniture,Chairs,Office Chair,839.64,4,0.25,-41.98
ORD0175,3/2/2024,3/7/2024,CUST192,Customer_187,Home Office,South,Technology,Phones,Samsung Galaxy,615.67,1,0.21,-6.16
ORD0176,6/3/2024,6/6/2024,CUST179,Customer_207,Home Office,South,Technology,Computers,Laptop,370.01,3,0.29,-33.3
ORD0177,10/5/2024,10/9/2024,CUST016,Customer_78,Corporate,South,Office Supplies,Storage,File Cabinet,485.98,4,0.12,38.88
ORD0178,8/20/2024,8/22/2024,CUST232,Customer_127,Home Office,East,Office Supplies,Storage,Storage Box,772.47,1,0.24,-30.9
ORD0179,2/9/2024,2/16/2024,CUST157,Customer_179,Home Office,South,Office Supplies,Paper,A4 Paper Pack,42.27,5,0.29,-3.8
ORD0180,6/23/2024,6/26/2024,CUST228,Customer_14,Consumer,North,Furniture,Tables,Dining Table,390.98,1,0.06,54.74
ORD0181,11/17/2024,11/19/2024,CUST073,Customer_62,Home Office,East,Office Supplies,Storage,Storage Box,939.46,1,0.18,18.79
ORD0182,1/24/2024,1/28/2024,CUST136,Customer_38,Home Office,North,Office Supplies,Storage,Storage Box,88.54,2,0.05,13.28
ORD0183,10/15/2024,10/16/2024,CUST006,Customer_214,Corporate,South,Furniture,Tables,Study Table,94.46,1,0.14,5.67
ORD0184,11/10/2024,11/14/2024,CUST022,Customer_181,Corporate,West,Office Supplies,Binders,Ring Binder,299.74,1,0.17,8.99
ORD0185,11/7/2024,11/8/2024,CUST158,Customer_153,Home Office,North,Furniture,Chairs,Office Chair,298.11,1,0.13,20.87
ORD0186,7/28/2024,8/2/2024,CUST218,Customer_243,Corporate,South,Office Supplies,Paper,Notebook,119.17,3,0.21,-1.19
ORD0187,6/28/2024,7/3/2024,CUST236,Customer_205,Corporate,North,Office Supplies,Binders,Ring Binder,964.54,2,0.06,135.04
ORD0188,4/17/2024,4/24/2024,CUST150,Customer_249,Home Office,West,Furniture,Tables,Study Table,700.86,2,0.17,21.03
ORD0189,3/8/2024,3/14/2024,CUST105,Customer_55,Home Office,North,Technology,Phones,Samsung Galaxy,211.35,2,0.27,-14.79
ORD0190,5/25/2024,5/28/2024,CUST212,Customer_194,Home Office,South,Technology,Phones,iPhone,566.69,3,0,113.34
ORD0191,10/30/2024,11/4/2024,CUST157,Customer_63,Corporate,West,Technology,Accessories,Headphones,712.85,2,0.24,-28.51
ORD0192,1/27/2024,1/29/2024,CUST062,Customer_168,Consumer,East,Office Supplies,Paper,A4 Paper Pack,471.41,1,0.17,14.14
ORD0193,11/3/2024,11/10/2024,CUST154,Customer_260,Home Office,North,Technology,Accessories,Mouse,452.74,5,0.25,-22.64
ORD0194,10/13/2024,10/17/2024,CUST204,Customer_65,Consumer,South,Furniture,Tables,Study Table,102.6,3,0.17,3.08
ORD0195,11/22/2024,11/28/2024,CUST115,Customer_257,Corporate,East,Office Supplies,Paper,A4 Paper Pack,75.21,1,0.28,-6.02
ORD0196,3/13/2024,3/15/2024,CUST195,Customer_288,Home Office,East,Office Supplies,Binders,Clip Binder,104.46,2,0.28,-8.36
ORD0197,11/16/2024,11/18/2024,CUST276,Customer_225,Home Office,West,Office Supplies,Binders,Ring Binder,771.44,5,0.09,84.86
ORD0198,7/18/2024,7/19/2024,CUST053,Customer_57,Corporate,North,Furniture,Chairs,Gaming Chair,709.17,3,0.28,-56.73
ORD0199,9/21/2024,9/27/2024,CUST103,Customer_291,Consumer,North,Office Supplies,Binders,Clip Binder,948.11,1,0.25,-47.41
ORD0200,9/20/2024,9/22/2024,CUST061,Customer_209,Home Office,West,Furniture,Chairs,Gaming Chair,714.07,5,0.29,-64.27
ORD0201,7/26/2024,8/1/2024,CUST016,Customer_200,Corporate,North,Furniture,Chairs,Gaming Chair,242.23,2,0.3,-24.22
ORD0202,12/9/2024,12/15/2024,CUST108,Customer_129,Consumer,North,Furniture,Tables,Study Table,350.82,2,0.26,-21.05
ORD0203,10/25/2024,10/26/2024,CUST189,Customer_133,Corporate,West,Furniture,Tables,Study Table,126.21,1,0.06,17.67
ORD0204,12/18/2024,12/25/2024,CUST193,Customer_125,Home Office,North,Furniture,Tables,Dining Table,184.24,1,0.11,16.58
ORD0205,4/16/2024,4/18/2024,CUST231,Customer_14,Corporate,South,Technology,Computers,Desktop,403.74,4,0.12,32.3
ORD0206,8/23/2024,8/24/2024,CUST244,Customer_33,Corporate,North,Office Supplies,Storage,Storage Box,502.58,4,0.13,35.18
ORD0207,1/16/2024,1/18/2024,CUST046,Customer_235,Corporate,East,Furniture,Bookcases,Wooden Bookcase,610.54,3,0.02,109.9
ORD0208,1/9/2024,1/13/2024,CUST150,Customer_234,Home Office,West,Furniture,Chairs,Gaming Chair,330.54,2,0.18,6.61
ORD0209,2/16/2024,2/21/2024,CUST127,Customer_78,Consumer,West,Office Supplies,Storage,File Cabinet,690.91,3,0.28,-55.27
ORD0210,11/26/2024,12/3/2024,CUST250,Customer_236,Corporate,South,Furniture,Tables,Study Table,508.81,2,0.19,5.09
ORD0211,12/28/2024,1/2/2025,CUST241,Customer_273,Home Office,West,Office Supplies,Paper,A4 Paper Pack,240.75,1,0.28,-19.26
ORD0212,8/3/2024,8/9/2024,CUST179,Customer_51,Home Office,West,Furniture,Chairs,Gaming Chair,686.86,5,0.09,75.55
ORD0213,2/25/2024,3/2/2024,CUST180,Customer_224,Home Office,West,Furniture,Chairs,Office Chair,190.45,3,0,38.09
ORD0214,11/25/2024,11/27/2024,CUST194,Customer_78,Home Office,North,Furniture,Chairs,Office Chair,147.11,1,0.2,0
ORD0215,11/20/2024,11/26/2024,CUST112,Customer_146,Consumer,South,Office Supplies,Storage,Storage Box,214.56,5,0.28,-17.16
ORD0216,11/23/2024,11/24/2024,CUST020,Customer_217,Consumer,North,Office Supplies,Storage,File Cabinet,809.86,2,0.25,-40.49
ORD0217,9/6/2024,9/13/2024,CUST035,Customer_285,Consumer,North,Furniture,Bookcases,Wooden Bookcase,766.28,4,0.03,130.27
ORD0218,7/25/2024,7/27/2024,CUST098,Customer_293,Home Office,North,Furniture,Bookcases,Wooden Bookcase,780.72,1,0.02,140.53
ORD0219,3/5/2024,3/10/2024,CUST049,Customer_281,Consumer,East,Furniture,Bookcases,Metal Bookcase,969.6,5,0.16,38.78
ORD0220,7/17/2024,7/23/2024,CUST199,Customer_67,Home Office,South,Furniture,Tables,Study Table,130.9,1,0.24,-5.24
ORD0221,3/15/2024,3/19/2024,CUST087,Customer_163,Corporate,North,Office Supplies,Binders,Ring Binder,738.47,4,0.18,14.77
ORD0222,2/18/2024,2/24/2024,CUST065,Customer_216,Home Office,South,Technology,Accessories,Mouse,243.74,3,0.04,39
ORD0223,3/12/2024,3/15/2024,CUST190,Customer_249,Corporate,South,Office Supplies,Paper,Notebook,162.7,2,0.16,6.51
ORD0224,1/12/2024,1/14/2024,CUST217,Customer_101,Consumer,South,Office Supplies,Storage,Storage Box,769.18,3,0.08,92.3
ORD0225,4/27/2024,5/4/2024,CUST280,Customer_30,Home Office,North,Technology,Computers,Desktop,86.73,5,0.08,10.41
ORD0226,11/7/2024,11/8/2024,CUST250,Customer_9,Consumer,South,Office Supplies,Binders,Ring Binder,173.63,4,0.23,-5.21
ORD0227,12/9/2024,12/13/2024,CUST181,Customer_284,Home Office,West,Technology,Accessories,Headphones,399.63,2,0.19,4
ORD0228,8/1/2024,8/8/2024,CUST240,Customer_204,Consumer,South,Office Supplies,Storage,File Cabinet,363.99,3,0.09,40.04
ORD0229,5/14/2024,5/15/2024,CUST120,Customer_141,Consumer,West,Furniture,Chairs,Office Chair,617.67,2,0.15,30.88
ORD0230,11/19/2024,11/21/2024,CUST044,Customer_7,Consumer,South,Office Supplies,Paper,Notebook,312.35,3,0.26,-18.74
ORD0231,2/9/2024,2/12/2024,CUST115,Customer_126,Consumer,South,Furniture,Chairs,Office Chair,964.71,5,0.11,86.82
ORD0232,2/12/2024,2/14/2024,CUST035,Customer_276,Consumer,North,Office Supplies,Binders,Clip Binder,982.51,2,0.02,176.85
ORD0233,10/31/2024,11/3/2024,CUST085,Customer_83,Consumer,North,Technology,Phones,Samsung Galaxy,62.69,4,0.13,4.39
ORD0234,12/2/2024,12/4/2024,CUST038,Customer_286,Home Office,East,Technology,Computers,Laptop,195.96,1,0.2,0
ORD0235,4/14/2024,4/17/2024,CUST106,Customer_268,Corporate,East,Furniture,Tables,Dining Table,257.19,5,0.17,7.72
ORD0236,3/27/2024,3/29/2024,CUST107,Customer_126,Home Office,East,Technology,Accessories,Mouse,280.79,1,0.04,44.93
ORD0237,6/25/2024,7/2/2024,CUST259,Customer_273,Consumer,South,Office Supplies,Paper,Notebook,995.21,1,0.26,-59.71
ORD0238,8/18/2024,8/21/2024,CUST112,Customer_99,Home Office,West,Furniture,Tables,Study Table,361.42,1,0.11,32.53
ORD0239,12/12/2024,12/17/2024,CUST005,Customer_212,Home Office,South,Furniture,Chairs,Office Chair,696.5,4,0.28,-55.72
ORD0240,9/4/2024,9/11/2024,CUST296,Customer_114,Home Office,East,Office Supplies,Storage,Storage Box,117.34,1,0.02,21.12
ORD0241,8/6/2024,8/8/2024,CUST186,Customer_52,Corporate,South,Technology,Phones,Samsung Galaxy,528.58,2,0.06,74
ORD0242,7/21/2024,7/22/2024,CUST242,Customer_205,Consumer,South,Furniture,Bookcases,Metal Bookcase,357.35,2,0.15,17.87
ORD0243,8/23/2024,8/28/2024,CUST148,Customer_58,Corporate,West,Office Supplies,Binders,Ring Binder,246.05,3,0.29,-22.14
ORD0244,9/26/2024,10/3/2024,CUST298,Customer_265,Consumer,South,Office Supplies,Storage,Storage Box,602.45,4,0.03,102.42
ORD0245,3/22/2024,3/24/2024,CUST028,Customer_251,Consumer,South,Technology,Accessories,Mouse,191.5,2,0.15,9.58
ORD0246,4/30/2024,5/6/2024,CUST225,Customer_44,Home Office,West,Technology,Computers,Desktop,660.67,3,0.12,52.85
ORD0247,3/30/2024,4/4/2024,CUST198,Customer_102,Consumer,North,Office Supplies,Storage,File Cabinet,785.01,5,0.28,-62.8
ORD0248,9/19/2024,9/24/2024,CUST239,Customer_124,Consumer,South,Technology,Accessories,Mouse,605.27,4,0.21,-6.05
ORD0249,7/25/2024,7/27/2024,CUST278,Customer_283,Corporate,North,Furniture,Chairs,Office Chair,946.94,4,0.22,-18.94
ORD0250,3/21/2024,3/28/2024,CUST293,Customer_160,Home Office,East,Furniture,Chairs,Gaming Chair,587.54,4,0.03,99.88
ORD0251,9/17/2024,9/20/2024,CUST076,Customer_224,Corporate,West,Technology,Computers,Desktop,828.14,5,0.1,82.81
ORD0252,10/2/2024,10/6/2024,CUST204,Customer_244,Home Office,South,Technology,Phones,Samsung Galaxy,802.55,4,0.11,72.23
ORD0253,5/8/2024,5/12/2024,CUST113,Customer_92,Consumer,East,Technology,Phones,Samsung Galaxy,201.47,3,0.11,18.13
ORD0254,9/6/2024,9/7/2024,CUST137,Customer_154,Consumer,South,Furniture,Tables,Dining Table,212.22,3,0.03,36.08
ORD0255,8/10/2024,8/14/2024,CUST211,Customer_12,Consumer,West,Technology,Phones,Samsung Galaxy,337.62,2,0.12,27.01
ORD0256,3/2/2024,3/5/2024,CUST091,Customer_46,Consumer,West,Technology,Accessories,Mouse,394.28,3,0.25,-19.71
ORD0257,8/4/2024,8/11/2024,CUST199,Customer_74,Home Office,South,Furniture,Tables,Study Table,70.91,5,0.2,0
ORD0258,8/31/2024,9/6/2024,CUST234,Customer_14,Home Office,North,Office Supplies,Storage,File Cabinet,946.68,3,0.24,-37.87
ORD0259,12/27/2024,1/2/2025,CUST230,Customer_220,Home Office,East,Office Supplies,Paper,A4 Paper Pack,832.5,2,0.06,116.55
ORD0260,3/11/2024,3/15/2024,CUST125,Customer_258,Corporate,West,Office Supplies,Binders,Clip Binder,511.82,4,0.02,92.13
ORD0261,7/23/2024,7/29/2024,CUST091,Customer_187,Consumer,South,Office Supplies,Storage,Storage Box,331.59,5,0.22,-6.63
ORD0262,11/21/2024,11/26/2024,CUST164,Customer_189,Corporate,South,Office Supplies,Binders,Clip Binder,162.3,4,0.28,-12.98
ORD0263,7/1/2024,7/7/2024,CUST220,Customer_117,Corporate,North,Technology,Accessories,Headphones,501.16,5,0,100.23
ORD0264,2/29/2024,3/2/2024,CUST265,Customer_18,Corporate,West,Technology,Accessories,Mouse,285.5,1,0.04,45.68
ORD0265,12/6/2024,12/12/2024,CUST181,Customer_127,Corporate,North,Furniture,Chairs,Gaming Chair,692.18,1,0.24,-27.69
ORD0266,9/8/2024,9/14/2024,CUST134,Customer_2,Home Office,West,Technology,Accessories,Mouse,783.42,5,0.12,62.67
ORD0267,4/22/2024,4/28/2024,CUST300,Customer_81,Corporate,North,Technology,Phones,Samsung Galaxy,230.19,3,0.3,-23.02
ORD0268,2/16/2024,2/17/2024,CUST028,Customer_60,Corporate,West,Furniture,Tables,Dining Table,562.39,1,0.19,5.62
ORD0269,5/19/2024,5/26/2024,CUST206,Customer_270,Consumer,East,Office Supplies,Binders,Clip Binder,651.62,2,0.19,6.52
ORD0270,12/5/2024,12/12/2024,CUST234,Customer_68,Home Office,South,Technology,Phones,Samsung Galaxy,947,4,0.18,18.94
ORD0271,3/2/2024,3/5/2024,CUST057,Customer_84,Home Office,North,Technology,Phones,iPhone,346.41,1,0.13,24.25
ORD0272,5/19/2024,5/26/2024,CUST209,Customer_246,Home Office,East,Technology,Phones,iPhone,845.47,5,0.2,0
ORD0273,2/18/2024,2/19/2024,CUST062,Customer_198,Home Office,East,Technology,Accessories,Headphones,125.01,2,0.04,20
ORD0274,9/5/2024,9/11/2024,CUST140,Customer_209,Home Office,East,Furniture,Bookcases,Metal Bookcase,133.66,3,0.15,6.68
ORD0275,3/15/2024,3/21/2024,CUST159,Customer_50,Corporate,East,Office Supplies,Binders,Ring Binder,704.44,1,0.02,126.8
ORD0276,4/26/2024,4/28/2024,CUST267,Customer_81,Consumer,North,Office Supplies,Storage,Storage Box,746.98,5,0.25,-37.35
ORD0277,12/23/2024,12/29/2024,CUST080,Customer_266,Corporate,West,Office Supplies,Paper,Notebook,431.49,4,0.04,69.04
ORD0278,6/16/2024,6/19/2024,CUST225,Customer_68,Consumer,West,Furniture,Bookcases,Wooden Bookcase,910.83,3,0.11,81.97
ORD0279,9/16/2024,9/23/2024,CUST153,Customer_193,Home Office,West,Furniture,Chairs,Office Chair,261.73,5,0.2,0
ORD0280,10/7/2024,10/14/2024,CUST009,Customer_198,Corporate,North,Technology,Computers,Desktop,76.71,1,0.21,-0.77
ORD0281,3/26/2024,3/30/2024,CUST246,Customer_198,Consumer,North,Office Supplies,Paper,Notebook,65.19,5,0.26,-3.91
ORD0282,10/22/2024,10/29/2024,CUST147,Customer_169,Corporate,North,Office Supplies,Storage,Storage Box,472.02,1,0.14,28.32
ORD0283,4/11/2024,4/12/2024,CUST242,Customer_113,Home Office,North,Technology,Phones,iPhone,887.4,4,0.17,26.62
ORD0284,10/26/2024,11/1/2024,CUST125,Customer_183,Corporate,North,Furniture,Tables,Dining Table,345.4,2,0.27,-24.18
ORD0285,10/30/2024,11/3/2024,CUST020,Customer_72,Home Office,North,Technology,Computers,Laptop,558.43,5,0.13,39.09
ORD0286,7/7/2024,7/10/2024,CUST119,Customer_200,Consumer,North,Office Supplies,Storage,File Cabinet,692.05,4,0.02,124.57
ORD0287,10/25/2024,10/31/2024,CUST266,Customer_108,Home Office,South,Office Supplies,Paper,Notebook,484.43,5,0.26,-29.07
ORD0288,10/10/2024,10/14/2024,CUST043,Customer_208,Consumer,West,Office Supplies,Storage,Storage Box,209.98,4,0.07,27.3
ORD0289,3/17/2024,3/23/2024,CUST025,Customer_101,Consumer,North,Technology,Computers,Desktop,922.78,1,0.14,55.37
ORD0290,8/22/2024,8/25/2024,CUST039,Customer_219,Home Office,South,Furniture,Bookcases,Wooden Bookcase,712.82,2,0.18,14.26
ORD0291,11/17/2024,11/19/2024,CUST246,Customer_9,Home Office,East,Office Supplies,Binders,Ring Binder,645.67,3,0.27,-45.2
ORD0292,4/25/2024,5/2/2024,CUST224,Customer_191,Home Office,South,Office Supplies,Storage,File Cabinet,512.04,1,0.12,40.96
ORD0293,5/4/2024,5/9/2024,CUST111,Customer_200,Home Office,East,Furniture,Tables,Study Table,706.15,2,0.25,-35.31
ORD0294,4/17/2024,4/24/2024,CUST002,Customer_177,Home Office,North,Technology,Accessories,Mouse,671.04,3,0.21,-6.71
ORD0295,10/11/2024,10/17/2024,CUST118,Customer_13,Home Office,West,Technology,Phones,iPhone,292.07,1,0.19,2.92
ORD0296,9/8/2024,9/12/2024,CUST087,Customer_296,Corporate,North,Office Supplies,Paper,A4 Paper Pack,269.21,5,0.1,26.92
ORD0297,6/5/2024,6/9/2024,CUST031,Customer_193,Consumer,West,Office Supplies,Paper,A4 Paper Pack,892.32,2,0.22,-17.85
ORD0298,7/13/2024,7/15/2024,CUST110,Customer_246,Home Office,West,Technology,Computers,Laptop,430.92,3,0.03,73.26
ORD0299,3/8/2024,3/11/2024,CUST057,Customer_42,Home Office,North,Furniture,Bookcases,Wooden Bookcase,947.58,5,0.1,94.76
ORD0300,11/14/2024,11/15/2024,CUST062,Customer_95,Home Office,South,Office Supplies,Paper,A4 Paper Pack,245.85,4,0.27,-17.21
ORD0301,10/26/2024,10/28/2024,CUST216,Customer_282,Consumer,East,Technology,Phones,Samsung Galaxy,51.97,2,0.17,1.56
ORD0302,3/20/2024,3/27/2024,CUST232,Customer_84,Home Office,North,Office Supplies,Paper,Notebook,708.74,5,0.27,-49.61
ORD0303,2/23/2024,2/24/2024,CUST172,Customer_249,Consumer,East,Furniture,Chairs,Gaming Chair,498.57,3,0.17,14.96
ORD0304,5/23/2024,5/28/2024,CUST020,Customer_137,Home Office,East,Technology,Accessories,Mouse,126.36,3,0.27,-8.85
ORD0305,10/13/2024,10/18/2024,CUST012,Customer_127,Corporate,West,Office Supplies,Paper,Notebook,755.85,1,0.18,15.12
ORD0306,1/9/2024,1/12/2024,CUST198,Customer_32,Consumer,East,Technology,Computers,Desktop,246.96,4,0.04,39.51
ORD0307,3/24/2024,3/28/2024,CUST081,Customer_163,Home Office,East,Technology,Computers,Laptop,565.48,3,0.14,33.93
ORD0308,1/19/2024,1/25/2024,CUST056,Customer_207,Corporate,North,Furniture,Bookcases,Wooden Bookcase,727.4,4,0.18,14.55
ORD0309,11/21/2024,11/24/2024,CUST293,Customer_168,Home Office,East,Furniture,Tables,Study Table,600.21,5,0.27,-42.01
ORD0310,4/28/2024,5/2/2024,CUST068,Customer_277,Consumer,East,Office Supplies,Binders,Clip Binder,715.41,4,0.15,35.77
ORD0311,7/26/2024,7/28/2024,CUST052,Customer_47,Home Office,East,Technology,Computers,Desktop,783.65,4,0.21,-7.84
ORD0312,4/14/2024,4/15/2024,CUST146,Customer_164,Home Office,East,Furniture,Tables,Dining Table,191.7,1,0.04,30.67
ORD0313,1/23/2024,1/25/2024,CUST240,Customer_127,Corporate,West,Technology,Computers,Laptop,306.06,1,0.12,24.48
ORD0314,4/13/2024,4/14/2024,CUST291,Customer_8,Corporate,North,Office Supplies,Binders,Clip Binder,577.14,3,0.13,40.4
ORD0315,11/11/2024,11/16/2024,CUST198,Customer_34,Corporate,West,Furniture,Bookcases,Metal Bookcase,624.69,2,0.24,-24.99
ORD0316,10/9/2024,10/13/2024,CUST226,Customer_73,Home Office,South,Furniture,Bookcases,Wooden Bookcase,33.45,4,0.15,1.67
ORD0317,10/15/2024,10/17/2024,CUST170,Customer_94,Corporate,South,Office Supplies,Paper,A4 Paper Pack,692.06,3,0.16,27.68
ORD0318,8/30/2024,9/6/2024,CUST208,Customer_150,Consumer,East,Technology,Accessories,Mouse,303.78,3,0.18,6.08
ORD0319,4/19/2024,4/20/2024,CUST255,Customer_55,Home Office,West,Technology,Accessories,Mouse,567.48,4,0,113.5
ORD0320,9/25/2024,10/1/2024,CUST240,Customer_1,Corporate,West,Furniture,Bookcases,Metal Bookcase,768.45,2,0.04,122.95
ORD0321,12/24/2024,12/30/2024,CUST231,Customer_17,Consumer,East,Office Supplies,Paper,Notebook,48.15,3,0.06,6.74
ORD0322,9/4/2024,9/7/2024,CUST285,Customer_69,Corporate,South,Technology,Computers,Desktop,879.83,1,0.21,-8.8
ORD0323,6/14/2024,6/17/2024,CUST016,Customer_235,Home Office,North,Technology,Computers,Laptop,385.97,3,0.22,-7.72
ORD0324,9/15/2024,9/20/2024,CUST279,Customer_3,Consumer,East,Furniture,Chairs,Office Chair,858.52,2,0.28,-68.68
ORD0325,9/3/2024,9/7/2024,CUST008,Customer_5,Consumer,North,Furniture,Tables,Dining Table,484.25,1,0.15,24.21
ORD0326,6/12/2024,6/13/2024,CUST112,Customer_215,Home Office,North,Furniture,Tables,Study Table,582.43,4,0.12,46.59
ORD0327,9/3/2024,9/6/2024,CUST157,Customer_194,Consumer,South,Office Supplies,Storage,Storage Box,764.6,4,0.03,129.98
ORD0328,9/27/2024,9/29/2024,CUST243,Customer_27,Consumer,South,Furniture,Bookcases,Wooden Bookcase,163.93,5,0.19,1.64
ORD0329,11/3/2024,11/4/2024,CUST293,Customer_276,Corporate,South,Office Supplies,Storage,Storage Box,752.39,1,0.26,-45.14
ORD0330,4/14/2024,4/20/2024,CUST108,Customer_262,Corporate,East,Furniture,Bookcases,Wooden Bookcase,862.33,2,0.26,-51.74
ORD0331,5/29/2024,6/4/2024,CUST213,Customer_204,Home Office,North,Office Supplies,Binders,Clip Binder,349.29,3,0.14,20.96
ORD0332,10/6/2024,10/12/2024,CUST260,Customer_118,Consumer,East,Furniture,Bookcases,Metal Bookcase,116.93,3,0.09,12.86
ORD0333,7/21/2024,7/28/2024,CUST282,Customer_258,Consumer,West,Office Supplies,Binders,Clip Binder,241.53,4,0.1,24.15
ORD0334,7/31/2024,8/7/2024,CUST089,Customer_150,Consumer,South,Technology,Computers,Laptop,919.48,1,0,183.9
ORD0335,12/22/2024,12/29/2024,CUST268,Customer_293,Corporate,West,Technology,Accessories,Headphones,822.69,5,0.26,-49.36
ORD0336,7/4/2024,7/5/2024,CUST121,Customer_275,Home Office,West,Technology,Phones,Samsung Galaxy,630.84,3,0.09,69.39
ORD0337,8/1/2024,8/4/2024,CUST146,Customer_223,Home Office,West,Furniture,Chairs,Office Chair,779.63,5,0.08,93.56
ORD0338,1/13/2024,1/17/2024,CUST050,Customer_200,Corporate,North,Office Supplies,Paper,Notebook,215.24,3,0.23,-6.46
ORD0339,11/26/2024,12/3/2024,CUST146,Customer_188,Consumer,East,Technology,Phones,Samsung Galaxy,88.19,5,0.17,2.65
ORD0340,11/16/2024,11/20/2024,CUST194,Customer_252,Corporate,West,Technology,Accessories,Mouse,370.86,1,0.15,18.54
ORD0341,9/4/2024,9/10/2024,CUST259,Customer_76,Home Office,South,Furniture,Bookcases,Wooden Bookcase,397.68,5,0.27,-27.84
ORD0342,12/22/2024,12/23/2024,CUST078,Customer_37,Consumer,South,Office Supplies,Paper,Notebook,792.5,5,0.2,0
ORD0343,7/24/2024,7/31/2024,CUST209,Customer_265,Home Office,East,Furniture,Bookcases,Metal Bookcase,844.68,2,0.11,76.02
ORD0344,7/26/2024,7/30/2024,CUST051,Customer_154,Corporate,North,Furniture,Chairs,Office Chair,638.54,4,0,127.71
ORD0345,7/18/2024,7/22/2024,CUST282,Customer_1,Home Office,West,Office Supplies,Storage,Storage Box,27.46,2,0.25,-1.37
ORD0346,5/7/2024,5/11/2024,CUST066,Customer_8,Consumer,East,Technology,Phones,Samsung Galaxy,258.43,4,0.17,7.75
ORD0347,10/6/2024,10/11/2024,CUST192,Customer_268,Corporate,North,Furniture,Chairs,Office Chair,261.76,1,0.19,2.62
ORD0348,7/1/2024,7/4/2024,CUST195,Customer_249,Home Office,East,Furniture,Bookcases,Metal Bookcase,301.85,3,0.14,18.11
ORD0349,5/14/2024,5/18/2024,CUST238,Customer_206,Consumer,West,Technology,Accessories,Headphones,420.86,1,0.29,-37.88
ORD0350,3/19/2024,3/25/2024,CUST228,Customer_16,Consumer,East,Furniture,Bookcases,Wooden Bookcase,821.6,3,0.08,98.59
ORD0351,2/7/2024,2/12/2024,CUST160,Customer_25,Corporate,South,Technology,Accessories,Mouse,266.48,1,0.2,0
ORD0352,4/25/2024,4/27/2024,CUST272,Customer_201,Corporate,North,Furniture,Bookcases,Metal Bookcase,398.05,4,0.02,71.65
ORD0353,7/5/2024,7/9/2024,CUST216,Customer_16,Corporate,North,Technology,Phones,Samsung Galaxy,980.44,1,0.19,9.8
ORD0354,8/31/2024,9/1/2024,CUST073,Customer_190,Corporate,West,Office Supplies,Binders,Clip Binder,244.01,1,0.17,7.32
ORD0355,5/22/2024,5/24/2024,CUST185,Customer_135,Corporate,West,Furniture,Chairs,Office Chair,651.4,5,0.27,-45.6
ORD0356,3/2/2024,3/6/2024,CUST267,Customer_153,Consumer,South,Office Supplies,Paper,A4 Paper Pack,491.91,5,0.25,-24.6
ORD0357,5/11/2024,5/16/2024,CUST031,Customer_116,Corporate,West,Furniture,Chairs,Gaming Chair,749.63,4,0.19,7.5
ORD0358,11/12/2024,11/17/2024,CUST203,Customer_210,Consumer,North,Technology,Computers,Desktop,135.9,2,0.19,1.36
ORD0359,12/7/2024,12/8/2024,CUST284,Customer_254,Home Office,South,Technology,Phones,iPhone,123.34,5,0.06,17.27
ORD0360,11/18/2024,11/24/2024,CUST134,Customer_165,Consumer,North,Furniture,Bookcases,Metal Bookcase,409.97,4,0.22,-8.2
ORD0361,2/20/2024,2/24/2024,CUST090,Customer_299,Home Office,South,Furniture,Bookcases,Wooden Bookcase,262.9,5,0.28,-21.03
ORD0362,12/19/2024,12/20/2024,CUST247,Customer_274,Home Office,South,Technology,Accessories,Mouse,722.66,3,0.3,-72.27
ORD0363,3/17/2024,3/22/2024,CUST252,Customer_125,Home Office,North,Technology,Accessories,Mouse,779.5,5,0.13,54.57
ORD0364,2/24/2024,2/27/2024,CUST125,Customer_297,Corporate,East,Technology,Phones,iPhone,602.97,1,0.12,48.24
ORD0365,1/31/2024,2/3/2024,CUST294,Customer_93,Home Office,North,Office Supplies,Storage,File Cabinet,521.07,1,0.12,41.69
ORD0366,6/13/2024,6/14/2024,CUST264,Customer_149,Home Office,West,Furniture,Chairs,Office Chair,331.53,5,0,66.31
ORD0367,7/11/2024,7/12/2024,CUST066,Customer_168,Consumer,East,Technology,Computers,Laptop,75.76,5,0.23,-2.27
ORD0368,4/16/2024,4/22/2024,CUST191,Customer_273,Consumer,South,Furniture,Bookcases,Wooden Bookcase,676.12,1,0.08,81.13
ORD0369,7/27/2024,8/2/2024,CUST084,Customer_197,Home Office,South,Furniture,Chairs,Office Chair,456.45,5,0.3,-45.64
ORD0370,12/1/2024,12/2/2024,CUST114,Customer_11,Home Office,East,Technology,Computers,Desktop,385.38,2,0.2,0
ORD0371,5/11/2024,5/14/2024,CUST108,Customer_229,Corporate,East,Office Supplies,Binders,Clip Binder,652.21,2,0.12,52.18
ORD0372,4/16/2024,4/21/2024,CUST154,Customer_21,Consumer,North,Furniture,Bookcases,Metal Bookcase,424.91,3,0.24,-17
ORD0373,5/17/2024,5/19/2024,CUST250,Customer_174,Home Office,North,Office Supplies,Paper,Notebook,993.19,4,0.15,49.66
ORD0374,1/27/2024,2/1/2024,CUST101,Customer_176,Home Office,West,Furniture,Tables,Study Table,796.01,1,0.01,151.24
ORD0375,6/29/2024,7/1/2024,CUST178,Customer_212,Corporate,West,Furniture,Chairs,Gaming Chair,382.25,5,0.01,72.63
ORD0376,8/6/2024,8/9/2024,CUST163,Customer_56,Consumer,East,Furniture,Chairs,Gaming Chair,39.46,2,0.01,7.5
ORD0377,2/3/2024,2/6/2024,CUST106,Customer_101,Corporate,North,Technology,Accessories,Mouse,373.75,4,0.1,37.38
ORD0378,2/20/2024,2/26/2024,CUST213,Customer_176,Home Office,East,Furniture,Bookcases,Metal Bookcase,71.35,5,0.28,-5.71
ORD0379,5/6/2024,5/10/2024,CUST157,Customer_223,Home Office,North,Office Supplies,Binders,Ring Binder,479.23,5,0.27,-33.55
ORD0380,10/12/2024,10/19/2024,CUST122,Customer_158,Corporate,North,Technology,Accessories,Headphones,223.36,3,0.09,24.57
ORD0381,12/28/2024,12/29/2024,CUST214,Customer_233,Corporate,South,Office Supplies,Binders,Clip Binder,782.4,4,0.26,-46.94
ORD0382,6/27/2024,7/2/2024,CUST019,Customer_263,Consumer,South,Furniture,Chairs,Office Chair,303.99,1,0.06,42.56
ORD0383,5/13/2024,5/19/2024,CUST139,Customer_222,Corporate,North,Technology,Accessories,Headphones,989.48,4,0.23,-29.68
ORD0384,3/29/2024,4/3/2024,CUST238,Customer_224,Consumer,North,Technology,Computers,Laptop,147.95,5,0.01,28.11
ORD0385,5/14/2024,5/18/2024,CUST033,Customer_218,Home Office,East,Office Supplies,Paper,Notebook,238.27,2,0.05,35.74
ORD0386,6/21/2024,6/26/2024,CUST224,Customer_271,Corporate,North,Office Supplies,Binders,Ring Binder,237.67,3,0,47.53
ORD0387,10/27/2024,10/28/2024,CUST012,Customer_233,Home Office,South,Furniture,Chairs,Gaming Chair,54.25,4,0.25,-2.71
ORD0388,10/10/2024,10/16/2024,CUST140,Customer_152,Home Office,North,Furniture,Chairs,Office Chair,452.23,5,0.21,-4.52
ORD0389,7/18/2024,7/20/2024,CUST272,Customer_163,Corporate,South,Technology,Phones,Samsung Galaxy,246.93,3,0.05,37.04
ORD0390,5/9/2024,5/13/2024,CUST082,Customer_65,Consumer,East,Office Supplies,Storage,Storage Box,25.23,4,0.12,2.02
ORD0391,5/30/2024,5/31/2024,CUST195,Customer_259,Consumer,North,Furniture,Bookcases,Wooden Bookcase,429.07,1,0.01,81.52
ORD0392,2/16/2024,2/21/2024,CUST166,Customer_116,Home Office,North,Furniture,Chairs,Office Chair,666.32,5,0.29,-59.97
ORD0393,9/17/2024,9/22/2024,CUST278,Customer_95,Home Office,North,Office Supplies,Paper,Notebook,377.75,4,0.28,-30.22
ORD0394,8/10/2024,8/13/2024,CUST194,Customer_71,Corporate,South,Office Supplies,Paper,Notebook,972.03,1,0.13,68.04
ORD0395,6/16/2024,6/23/2024,CUST145,Customer_244,Home Office,North,Furniture,Tables,Dining Table,854.47,1,0.27,-59.81
ORD0396,9/15/2024,9/20/2024,CUST233,Customer_283,Consumer,East,Furniture,Chairs,Office Chair,302.01,2,0.19,3.02
ORD0397,9/27/2024,10/2/2024,CUST066,Customer_210,Corporate,West,Office Supplies,Storage,File Cabinet,513.36,1,0.15,25.67
ORD0398,4/19/2024,4/26/2024,CUST272,Customer_181,Consumer,West,Office Supplies,Storage,Storage Box,171.73,3,0.02,30.91
ORD0399,1/24/2024,1/26/2024,CUST232,Customer_197,Consumer,East,Office Supplies,Binders,Clip Binder,98.1,2,0.07,12.75
ORD0400,10/10/2024,10/11/2024,CUST182,Customer_31,Home Office,South,Technology,Phones,Samsung Galaxy,221.27,3,0.23,-6.64
ORD0401,4/13/2024,4/18/2024,CUST195,Customer_195,Corporate,East,Office Supplies,Storage,File Cabinet,310.54,2,0.26,-18.63
ORD0402,2/10/2024,2/12/2024,CUST286,Customer_214,Corporate,East,Furniture,Chairs,Office Chair,130.51,4,0.19,1.31
ORD0403,9/1/2024,9/5/2024,CUST148,Customer_19,Consumer,South,Office Supplies,Paper,Notebook,437.67,4,0,87.53
ORD0404,2/24/2024,3/1/2024,CUST096,Customer_295,Consumer,East,Technology,Computers,Laptop,223.47,2,0.08,26.82
ORD0405,5/31/2024,6/1/2024,CUST021,Customer_159,Consumer,North,Technology,Accessories,Mouse,925.59,4,0.01,175.86
ORD0406,9/12/2024,9/14/2024,CUST031,Customer_279,Home Office,South,Technology,Phones,Samsung Galaxy,599.74,2,0.09,65.97
ORD0407,2/16/2024,2/17/2024,CUST178,Customer_300,Corporate,North,Furniture,Chairs,Gaming Chair,547.26,5,0.29,-49.25
ORD0408,10/13/2024,10/18/2024,CUST075,Customer_139,Corporate,North,Office Supplies,Binders,Ring Binder,258.74,2,0.14,15.52
ORD0409,1/20/2024,1/22/2024,CUST016,Customer_258,Corporate,South,Office Supplies,Paper,Notebook,105.44,2,0.29,-9.49
ORD0410,6/28/2024,6/29/2024,CUST020,Customer_180,Home Office,South,Office Supplies,Binders,Clip Binder,245.56,3,0.29,-22.1
ORD0411,1/28/2024,2/4/2024,CUST154,Customer_270,Corporate,South,Office Supplies,Paper,Notebook,41.43,3,0.17,1.24
ORD0412,11/22/2024,11/25/2024,CUST028,Customer_12,Corporate,West,Technology,Accessories,Mouse,499.28,2,0.16,19.97
ORD0413,7/25/2024,7/30/2024,CUST209,Customer_93,Corporate,East,Office Supplies,Paper,A4 Paper Pack,583.63,1,0.25,-29.18
ORD0414,6/1/2024,6/4/2024,CUST090,Customer_163,Consumer,North,Technology,Accessories,Mouse,44.15,4,0.3,-4.41
ORD0415,11/2/2024,11/5/2024,CUST104,Customer_74,Consumer,West,Technology,Accessories,Headphones,618.09,4,0.12,49.45
ORD0416,11/30/2024,12/4/2024,CUST287,Customer_35,Home Office,South,Technology,Accessories,Headphones,63.79,4,0.18,1.28
ORD0417,4/8/2024,4/12/2024,CUST209,Customer_207,Corporate,West,Technology,Accessories,Headphones,111.2,2,0.29,-10.01
ORD0418,10/11/2024,10/13/2024,CUST119,Customer_200,Corporate,South,Office Supplies,Binders,Clip Binder,226.27,2,0.2,0
ORD0419,3/16/2024,3/18/2024,CUST112,Customer_269,Consumer,North,Technology,Phones,Samsung Galaxy,427.8,1,0.23,-12.83
ORD0420,12/14/2024,12/15/2024,CUST298,Customer_137,Consumer,North,Furniture,Tables,Dining Table,198.53,4,0.16,7.94
ORD0421,12/25/2024,12/31/2024,CUST275,Customer_2,Consumer,North,Technology,Computers,Desktop,674.7,4,0.18,13.49
ORD0422,2/16/2024,2/17/2024,CUST233,Customer_164,Consumer,East,Technology,Phones,iPhone,666.03,4,0.17,19.98
ORD0423,7/25/2024,7/31/2024,CUST165,Customer_239,Home Office,South,Furniture,Bookcases,Wooden Bookcase,285.29,3,0.18,5.71
ORD0424,8/2/2024,8/4/2024,CUST138,Customer_187,Corporate,West,Furniture,Bookcases,Wooden Bookcase,643.17,1,0.2,0
ORD0425,10/20/2024,10/21/2024,CUST231,Customer_261,Consumer,West,Furniture,Tables,Study Table,218.57,3,0.12,17.49
ORD0426,8/16/2024,8/22/2024,CUST242,Customer_96,Corporate,East,Technology,Accessories,Headphones,324.35,3,0.08,38.92
ORD0427,12/31/2024,1/7/2025,CUST257,Customer_167,Corporate,East,Office Supplies,Paper,Notebook,772.63,2,0.17,23.18
ORD0428,1/11/2024,1/14/2024,CUST080,Customer_130,Corporate,South,Furniture,Tables,Dining Table,704.36,4,0.01,133.83
ORD0429,6/4/2024,6/10/2024,CUST150,Customer_61,Home Office,North,Furniture,Chairs,Gaming Chair,138.25,3,0.13,9.68
ORD0430,8/23/2024,8/25/2024,CUST092,Customer_30,Home Office,South,Technology,Computers,Desktop,925.62,4,0.21,-9.26
ORD0431,10/29/2024,10/30/2024,CUST199,Customer_79,Home Office,West,Furniture,Bookcases,Metal Bookcase,684.24,3,0.12,54.74
ORD0432,10/13/2024,10/14/2024,CUST220,Customer_21,Corporate,South,Office Supplies,Storage,File Cabinet,556.19,4,0.13,38.93
ORD0433,2/11/2024,2/14/2024,CUST166,Customer_13,Consumer,South,Furniture,Chairs,Gaming Chair,497.02,5,0.17,14.91
ORD0434,6/21/2024,6/27/2024,CUST220,Customer_296,Consumer,West,Office Supplies,Storage,Storage Box,655.7,3,0.08,78.68
ORD0435,2/9/2024,2/14/2024,CUST212,Customer_237,Corporate,East,Office Supplies,Paper,Notebook,322.79,5,0.27,-22.6
ORD0436,11/7/2024,11/13/2024,CUST261,Customer_207,Consumer,East,Furniture,Tables,Dining Table,275.01,1,0.04,44
ORD0437,6/26/2024,6/30/2024,CUST107,Customer_11,Corporate,South,Office Supplies,Storage,File Cabinet,898.42,1,0.22,-17.97
ORD0438,7/28/2024,7/31/2024,CUST092,Customer_190,Consumer,West,Office Supplies,Storage,File Cabinet,559.11,4,0.05,83.87
ORD0439,9/11/2024,9/17/2024,CUST237,Customer_299,Consumer,East,Technology,Accessories,Mouse,715.99,1,0.28,-57.28
ORD0440,2/28/2024,3/2/2024,CUST050,Customer_245,Corporate,West,Office Supplies,Binders,Ring Binder,780.28,2,0.17,23.41
ORD0441,9/23/2024,9/25/2024,CUST273,Customer_190,Home Office,West,Furniture,Tables,Study Table,819.55,1,0.01,155.71
ORD0442,12/21/2024,12/22/2024,CUST142,Customer_48,Corporate,West,Office Supplies,Storage,File Cabinet,569.14,5,0.04,91.06
ORD0443,5/21/2024,5/24/2024,CUST179,Customer_99,Corporate,East,Technology,Computers,Desktop,88.26,3,0.02,15.89
ORD0444,12/17/2024,12/22/2024,CUST027,Customer_121,Consumer,East,Office Supplies,Storage,File Cabinet,634.99,4,0.23,-19.05
ORD0445,10/20/2024,10/26/2024,CUST146,Customer_124,Corporate,North,Technology,Phones,Samsung Galaxy,771.55,1,0.17,23.15
ORD0446,7/2/2024,7/8/2024,CUST200,Customer_239,Home Office,West,Furniture,Bookcases,Wooden Bookcase,869.9,1,0.02,156.58
ORD0447,11/17/2024,11/18/2024,CUST113,Customer_229,Corporate,South,Furniture,Bookcases,Wooden Bookcase,871.3,3,0.2,0
ORD0448,7/9/2024,7/16/2024,CUST181,Customer_145,Consumer,South,Furniture,Tables,Dining Table,652.21,4,0.27,-45.65
ORD0449,6/11/2024,6/15/2024,CUST146,Customer_233,Corporate,North,Office Supplies,Paper,A4 Paper Pack,421.75,2,0.06,59.05
ORD0450,6/10/2024,6/14/2024,CUST161,Customer_178,Corporate,West,Office Supplies,Storage,File Cabinet,652.83,3,0.14,39.17
ORD0451,8/3/2024,8/5/2024,CUST064,Customer_59,Corporate,South,Furniture,Chairs,Gaming Chair,626.78,4,0.06,87.75
ORD0452,3/14/2024,3/15/2024,CUST127,Customer_34,Consumer,South,Office Supplies,Paper,Notebook,898.58,1,0.3,-89.86
ORD0453,7/2/2024,7/3/2024,CUST023,Customer_263,Consumer,West,Technology,Accessories,Mouse,694.12,3,0.22,-13.88
ORD0454,12/7/2024,12/11/2024,CUST202,Customer_217,Corporate,West,Office Supplies,Storage,Storage Box,648.34,1,0.17,19.45
ORD0455,6/10/2024,6/17/2024,CUST053,Customer_184,Home Office,North,Technology,Computers,Desktop,666.91,2,0.02,120.04
ORD0456,7/27/2024,7/28/2024,CUST207,Customer_131,Consumer,North,Furniture,Chairs,Office Chair,312.14,1,0.28,-24.97
ORD0457,6/20/2024,6/25/2024,CUST170,Customer_96,Corporate,East,Technology,Accessories,Headphones,506.73,1,0.2,0
ORD0458,6/19/2024,6/23/2024,CUST145,Customer_194,Corporate,South,Office Supplies,Paper,Notebook,865.66,2,0.19,8.66
ORD0459,3/14/2024,3/17/2024,CUST181,Customer_17,Consumer,West,Office Supplies,Paper,Notebook,844.68,4,0.2,0
ORD0460,2/25/2024,3/2/2024,CUST028,Customer_239,Consumer,South,Furniture,Tables,Study Table,610.61,1,0.08,73.27
ORD0461,6/22/2024,6/24/2024,CUST237,Customer_166,Corporate,West,Office Supplies,Paper,A4 Paper Pack,175.49,2,0.24,-7.02
ORD0462,4/1/2024,4/7/2024,CUST005,Customer_125,Consumer,North,Technology,Computers,Laptop,602.67,1,0.06,84.37
ORD0463,7/31/2024,8/2/2024,CUST177,Customer_279,Corporate,West,Furniture,Tables,Study Table,176.48,1,0.03,30
ORD0464,6/5/2024,6/7/2024,CUST259,Customer_63,Home Office,North,Furniture,Chairs,Gaming Chair,278.88,5,0.19,2.79
ORD0465,4/23/2024,4/27/2024,CUST080,Customer_37,Home Office,North,Furniture,Tables,Study Table,874.7,5,0.28,-69.98
ORD0466,4/29/2024,5/5/2024,CUST246,Customer_260,Consumer,East,Office Supplies,Binders,Ring Binder,968.9,2,0.25,-48.44
ORD0467,1/26/2024,1/29/2024,CUST127,Customer_239,Corporate,West,Office Supplies,Storage,Storage Box,853.98,2,0.07,111.02
ORD0468,7/2/2024,7/4/2024,CUST079,Customer_52,Corporate,West,Furniture,Chairs,Gaming Chair,867.09,3,0.04,138.73
ORD0469,11/21/2024,11/26/2024,CUST223,Customer_139,Consumer,North,Technology,Phones,Samsung Galaxy,676.7,2,0.25,-33.83
ORD0470,5/31/2024,6/7/2024,CUST023,Customer_78,Corporate,South,Furniture,Bookcases,Metal Bookcase,308.56,2,0.18,6.17
ORD0471,12/22/2024,12/23/2024,CUST285,Customer_249,Corporate,East,Office Supplies,Paper,A4 Paper Pack,325.31,5,0.21,-3.25
ORD0472,3/23/2024,3/27/2024,CUST180,Customer_9,Corporate,South,Office Supplies,Storage,File Cabinet,849.91,4,0.26,-50.99
ORD0473,8/26/2024,8/27/2024,CUST165,Customer_242,Consumer,North,Technology,Computers,Desktop,800.09,4,0.17,24
ORD0474,1/23/2024,1/30/2024,CUST269,Customer_260,Consumer,North,Technology,Computers,Desktop,938.89,5,0.2,0
ORD0475,4/15/2024,4/18/2024,CUST164,Customer_176,Corporate,West,Technology,Accessories,Headphones,589.89,3,0,117.98
ORD0476,3/27/2024,3/30/2024,CUST094,Customer_176,Corporate,West,Technology,Computers,Desktop,422.97,1,0.12,33.84
ORD0477,4/1/2024,4/6/2024,CUST214,Customer_92,Consumer,East,Office Supplies,Storage,Storage Box,50.49,3,0.14,3.03
ORD0478,4/27/2024,4/29/2024,CUST289,Customer_198,Home Office,North,Furniture,Chairs,Office Chair,306.43,5,0.2,0
ORD0479,1/31/2024,2/4/2024,CUST132,Customer_232,Corporate,West,Technology,Phones,iPhone,99.67,5,0.21,-1
ORD0480,5/22/2024,5/26/2024,CUST025,Customer_59,Consumer,East,Furniture,Bookcases,Wooden Bookcase,606.41,1,0.12,48.51
ORD0481,4/17/2024,4/20/2024,CUST228,Customer_179,Corporate,West,Technology,Computers,Laptop,242.69,3,0.06,33.98
ORD0482,8/18/2024,8/21/2024,CUST046,Customer_133,Consumer,North,Office Supplies,Storage,File Cabinet,149.92,2,0.16,6
ORD0483,1/22/2024,1/26/2024,CUST178,Customer_234,Home Office,East,Furniture,Chairs,Gaming Chair,273.01,5,0.15,13.65
ORD0484,1/31/2024,2/5/2024,CUST260,Customer_133,Home Office,West,Office Supplies,Storage,Storage Box,94.06,4,0.09,10.35
ORD0485,4/17/2024,4/23/2024,CUST167,Customer_112,Consumer,East,Office Supplies,Binders,Clip Binder,63.88,3,0.21,-0.64
ORD0486,7/1/2024,7/7/2024,CUST052,Customer_203,Consumer,West,Furniture,Bookcases,Wooden Bookcase,978.51,5,0.05,146.78
ORD0487,10/10/2024,10/13/2024,CUST238,Customer_294,Home Office,South,Furniture,Chairs,Office Chair,873.71,5,0.02,157.27
ORD0488,3/29/2024,4/4/2024,CUST101,Customer_149,Home Office,West,Office Supplies,Storage,File Cabinet,377.48,5,0.23,-11.32
ORD0489,9/28/2024,10/1/2024,CUST254,Customer_81,Consumer,East,Office Supplies,Binders,Clip Binder,934.48,4,0.21,-9.34
ORD0490,2/3/2024,2/4/2024,CUST071,Customer_258,Consumer,West,Furniture,Tables,Dining Table,703.63,5,0.18,14.07
ORD0491,8/19/2024,8/26/2024,CUST049,Customer_299,Consumer,South,Furniture,Chairs,Office Chair,256.76,5,0.03,43.65
ORD0492,7/3/2024,7/4/2024,CUST132,Customer_191,Corporate,East,Technology,Computers,Desktop,670.71,2,0.25,-33.54
ORD0493,11/19/2024,11/21/2024,CUST033,Customer_7,Home Office,West,Office Supplies,Binders,Clip Binder,966.04,1,0.03,164.23
ORD0494,11/20/2024,11/25/2024,CUST085,Customer_109,Consumer,North,Furniture,Tables,Study Table,348.31,1,0.13,24.38
ORD0495,1/22/2024,1/23/2024,CUST231,Customer_20,Home Office,North,Furniture,Tables,Study Table,839.8,2,0.13,58.79
ORD0496,12/14/2024,12/21/2024,CUST132,Customer_157,Corporate,South,Technology,Computers,Laptop,776.12,4,0.28,-62.09
ORD0497,4/1/2024,4/5/2024,CUST178,Customer_282,Home Office,West,Furniture,Bookcases,Metal Bookcase,761.7,1,0.25,-38.08
ORD0498,11/7/2024,11/13/2024,CUST145,Customer_10,Home Office,North,Office Supplies,Paper,A4 Paper Pack,668.2,3,0.08,80.18
ORD0499,8/1/2024,8/5/2024,CUST181,Customer_33,Corporate,North,Technology,Computers,Desktop,615.03,2,0.1,61.5
ORD0500,7/23/2024,7/24/2024,CUST280,Customer_53,Home Office,West,Furniture,Bookcases,Wooden Bookcase,975.03,5,0.01,185.26
ORD0501,4/7/2024,4/10/2024,CUST256,Customer_106,Consumer,East,Furniture,Chairs,Gaming Chair,324.18,1,0.15,16.21
ORD0502,4/4/2024,4/7/2024,CUST225,Customer_167,Consumer,East,Furniture,Chairs,Gaming Chair,186.16,2,0.04,29.79
ORD0503,2/24/2024,2/28/2024,CUST119,Customer_48,Consumer,North,Office Supplies,Storage,File Cabinet,576.39,2,0.24,-23.06
ORD0504,7/15/2024,7/19/2024,CUST063,Customer_250,Home Office,East,Office Supplies,Storage,Storage Box,589.79,5,0.08,70.77
ORD0505,3/23/2024,3/24/2024,CUST026,Customer_187,Consumer,West,Office Supplies,Binders,Clip Binder,620.22,5,0.09,68.22
ORD0506,9/27/2024,10/4/2024,CUST192,Customer_127,Consumer,North,Office Supplies,Storage,Storage Box,276.23,1,0.01,52.48
ORD0507,1/26/2024,1/30/2024,CUST085,Customer_86,Corporate,East,Office Supplies,Storage,Storage Box,77.12,3,0.15,3.86
ORD0508,6/30/2024,7/7/2024,CUST266,Customer_67,Home Office,South,Office Supplies,Storage,File Cabinet,291.05,4,0.16,11.64
ORD0509,5/13/2024,5/16/2024,CUST272,Customer_6,Home Office,East,Furniture,Tables,Study Table,155.95,3,0.2,0
ORD0510,7/29/2024,7/31/2024,CUST056,Customer_256,Corporate,South,Furniture,Chairs,Office Chair,180.63,2,0.04,28.9
ORD0511,8/2/2024,8/3/2024,CUST214,Customer_236,Corporate,South,Office Supplies,Paper,Notebook,769.89,2,0.04,123.18
ORD0512,11/12/2024,11/19/2024,CUST249,Customer_37,Consumer,West,Office Supplies,Paper,A4 Paper Pack,533.56,3,0.03,90.71
ORD0513,8/18/2024,8/19/2024,CUST064,Customer_192,Corporate,East,Furniture,Bookcases,Wooden Bookcase,225.58,2,0.25,-11.28
ORD0514,5/14/2024,5/16/2024,CUST220,Customer_57,Consumer,West,Technology,Phones,iPhone,347.23,2,0.1,34.72
ORD0515,1/27/2024,1/29/2024,CUST034,Customer_291,Consumer,East,Technology,Accessories,Mouse,487.41,5,0.06,68.24
ORD0516,8/1/2024,8/8/2024,CUST120,Customer_12,Consumer,East,Furniture,Tables,Study Table,434.91,2,0.13,30.44
ORD0517,12/8/2024,12/9/2024,CUST179,Customer_196,Corporate,North,Furniture,Bookcases,Metal Bookcase,101.98,5,0.03,17.34
ORD0518,12/8/2024,12/10/2024,CUST269,Customer_206,Consumer,South,Furniture,Bookcases,Wooden Bookcase,367.91,1,0.22,-7.36
ORD0519,9/3/2024,9/10/2024,CUST113,Customer_190,Consumer,East,Office Supplies,Storage,File Cabinet,942.65,5,0.28,-75.41
ORD0520,8/12/2024,8/17/2024,CUST163,Customer_177,Home Office,West,Office Supplies,Storage,Storage Box,780.87,2,0.16,31.23
ORD0521,12/30/2024,12/31/2024,CUST280,Customer_28,Consumer,North,Office Supplies,Storage,Storage Box,878.27,2,0.01,166.87
ORD0522,11/5/2024,11/8/2024,CUST093,Customer_233,Home Office,South,Technology,Phones,Samsung Galaxy,121.11,3,0.04,19.38
ORD0523,4/18/2024,4/20/2024,CUST282,Customer_35,Corporate,East,Furniture,Chairs,Gaming Chair,373.83,4,0.15,18.69
ORD0524,5/26/2024,5/28/2024,CUST203,Customer_288,Home Office,South,Furniture,Tables,Dining Table,767.57,2,0.3,-76.76
ORD0525,9/24/2024,9/29/2024,CUST017,Customer_62,Consumer,South,Furniture,Chairs,Gaming Chair,169.83,3,0.06,23.78
ORD0526,5/20/2024,5/26/2024,CUST261,Customer_44,Corporate,West,Technology,Computers,Laptop,301.76,4,0.09,33.19
ORD0527,10/21/2024,10/23/2024,CUST222,Customer_223,Home Office,East,Office Supplies,Binders,Ring Binder,560.62,2,0.28,-44.85
ORD0528,6/16/2024,6/17/2024,CUST287,Customer_270,Consumer,East,Technology,Accessories,Mouse,71.44,3,0.01,13.57
ORD0529,11/2/2024,11/5/2024,CUST037,Customer_224,Corporate,East,Technology,Computers,Laptop,28.32,3,0.29,-2.55
ORD0530,8/26/2024,8/30/2024,CUST142,Customer_12,Home Office,East,Office Supplies,Binders,Clip Binder,563.71,3,0.01,107.1
ORD0531,4/26/2024,4/29/2024,CUST180,Customer_277,Corporate,West,Furniture,Chairs,Gaming Chair,533.13,4,0.11,47.98
ORD0532,12/31/2024,1/2/2025,CUST076,Customer_166,Home Office,North,Furniture,Chairs,Gaming Chair,468.58,5,0.02,84.34
ORD0533,4/11/2024,4/14/2024,CUST001,Customer_64,Corporate,North,Furniture,Chairs,Office Chair,198.48,1,0.05,29.77
ORD0534,6/1/2024,6/7/2024,CUST095,Customer_146,Corporate,East,Technology,Accessories,Mouse,700.18,5,0.12,56.01
ORD0535,1/31/2024,2/5/2024,CUST259,Customer_20,Corporate,West,Office Supplies,Binders,Clip Binder,439.24,1,0.18,8.78
ORD0536,7/22/2024,7/28/2024,CUST050,Customer_132,Corporate,South,Technology,Phones,iPhone,81.41,2,0.08,9.77
ORD0537,3/14/2024,3/18/2024,CUST040,Customer_52,Corporate,South,Office Supplies,Storage,File Cabinet,666.87,2,0.01,126.71
ORD0538,7/4/2024,7/8/2024,CUST009,Customer_157,Corporate,East,Furniture,Bookcases,Wooden Bookcase,565.79,3,0.02,101.84
ORD0539,7/1/2024,7/2/2024,CUST275,Customer_97,Consumer,South,Furniture,Chairs,Gaming Chair,574.9,2,0.15,28.75
ORD0540,4/26/2024,5/3/2024,CUST167,Customer_116,Corporate,South,Technology,Accessories,Headphones,470.82,1,0.13,32.96
ORD0541,1/5/2024,1/11/2024,CUST145,Customer_222,Corporate,South,Office Supplies,Storage,File Cabinet,476.02,2,0.2,0
ORD0542,10/10/2024,10/16/2024,CUST296,Customer_196,Consumer,East,Technology,Computers,Desktop,930.13,4,0.02,167.42
ORD0543,7/9/2024,7/14/2024,CUST192,Customer_20,Corporate,East,Office Supplies,Paper,A4 Paper Pack,680.65,2,0.2,0
ORD0544,10/8/2024,10/13/2024,CUST152,Customer_58,Home Office,South,Technology,Accessories,Headphones,653.94,3,0.04,104.63
ORD0545,9/27/2024,9/29/2024,CUST180,Customer_292,Corporate,North,Technology,Phones,Samsung Galaxy,243.51,3,0.3,-24.35
ORD0546,12/26/2024,12/29/2024,CUST026,Customer_59,Home Office,South,Technology,Phones,iPhone,912.61,3,0.01,173.4
ORD0547,4/26/2024,4/28/2024,CUST007,Customer_26,Home Office,East,Technology,Accessories,Headphones,802.96,3,0.02,144.53
ORD0548,10/10/2024,10/17/2024,CUST107,Customer_89,Corporate,West,Technology,Accessories,Headphones,811.98,2,0.3,-81.2
ORD0549,6/4/2024,6/6/2024,CUST003,Customer_12,Corporate,South,Furniture,Chairs,Office Chair,663.51,3,0.29,-59.72
ORD0550,2/8/2024,2/14/2024,CUST261,Customer_74,Consumer,South,Technology,Phones,Samsung Galaxy,460.26,4,0.07,59.83
ORD0551,10/19/2024,10/23/2024,CUST053,Customer_84,Home Office,East,Technology,Accessories,Mouse,419.76,1,0.25,-20.99
ORD0552,9/14/2024,9/15/2024,CUST163,Customer_54,Home Office,East,Furniture,Chairs,Gaming Chair,367.89,4,0.13,25.75
ORD0553,1/1/2024,1/8/2024,CUST127,Customer_282,Consumer,West,Technology,Accessories,Headphones,727.52,5,0.09,80.03
ORD0554,1/20/2024,1/24/2024,CUST143,Customer_142,Home Office,West,Technology,Computers,Laptop,832.31,3,0.24,-33.29
ORD0555,10/29/2024,11/5/2024,CUST224,Customer_41,Consumer,West,Furniture,Tables,Dining Table,550.18,4,0.29,-49.52
ORD0556,1/7/2024,1/9/2024,CUST208,Customer_279,Corporate,South,Technology,Computers,Desktop,49.7,3,0.23,-1.49
ORD0557,3/31/2024,4/7/2024,CUST297,Customer_199,Consumer,North,Office Supplies,Paper,Notebook,770.99,1,0.23,-23.13
ORD0558,8/8/2024,8/9/2024,CUST281,Customer_86,Consumer,North,Office Supplies,Storage,File Cabinet,242.64,1,0.21,-2.43
ORD0559,1/7/2024,1/10/2024,CUST300,Customer_143,Consumer,North,Office Supplies,Storage,Storage Box,573.14,1,0.12,45.85
ORD0560,10/24/2024,10/28/2024,CUST276,Customer_222,Corporate,North,Office Supplies,Storage,Storage Box,511.97,3,0.09,56.32
ORD0561,10/11/2024,10/18/2024,CUST111,Customer_151,Consumer,North,Technology,Computers,Desktop,693.36,5,0.1,69.34
ORD0562,1/24/2024,1/27/2024,CUST170,Customer_109,Corporate,East,Technology,Computers,Desktop,453.04,2,0.07,58.9
ORD0563,4/12/2024,4/16/2024,CUST288,Customer_273,Consumer,West,Furniture,Bookcases,Metal Bookcase,942.76,5,0.11,84.85
ORD0564,9/29/2024,10/4/2024,CUST235,Customer_119,Home Office,North,Office Supplies,Binders,Ring Binder,725.5,2,0.07,94.31
ORD0565,8/25/2024,8/29/2024,CUST066,Customer_257,Corporate,North,Technology,Accessories,Headphones,355.76,5,0.29,-32.02
ORD0566,11/16/2024,11/22/2024,CUST200,Customer_27,Home Office,South,Office Supplies,Storage,File Cabinet,605.23,3,0.23,-18.16
ORD0567,6/23/2024,6/26/2024,CUST134,Customer_105,Corporate,North,Technology,Accessories,Headphones,735.28,4,0.24,-29.41
ORD0568,6/11/2024,6/12/2024,CUST197,Customer_291,Corporate,North,Furniture,Chairs,Office Chair,22.33,1,0.25,-1.12
ORD0569,3/4/2024,3/11/2024,CUST252,Customer_229,Consumer,North,Furniture,Tables,Study Table,278.67,3,0.05,41.8
ORD0570,8/8/2024,8/10/2024,CUST133,Customer_68,Corporate,North,Office Supplies,Binders,Clip Binder,102.49,2,0.06,14.35
ORD0571,2/22/2024,2/27/2024,CUST048,Customer_260,Corporate,East,Furniture,Bookcases,Metal Bookcase,221.15,2,0.2,0
ORD0572,1/23/2024,1/28/2024,CUST127,Customer_133,Consumer,South,Office Supplies,Storage,File Cabinet,876.65,5,0.3,-87.66
ORD0573,5/26/2024,6/1/2024,CUST155,Customer_201,Corporate,South,Office Supplies,Paper,A4 Paper Pack,429.29,4,0.22,-8.59
ORD0574,3/17/2024,3/21/2024,CUST199,Customer_195,Corporate,North,Furniture,Tables,Dining Table,355.4,2,0.17,10.66
ORD0575,6/18/2024,6/23/2024,CUST253,Customer_151,Consumer,West,Furniture,Tables,Dining Table,64.47,2,0.08,7.74
ORD0576,3/19/2024,3/23/2024,CUST153,Customer_94,Home Office,North,Technology,Accessories,Headphones,497.73,2,0.14,29.86
ORD0577,6/24/2024,6/28/2024,CUST189,Customer_295,Corporate,East,Technology,Computers,Laptop,179.36,3,0.17,5.38
ORD0578,8/27/2024,9/2/2024,CUST197,Customer_36,Home Office,North,Furniture,Chairs,Office Chair,748.22,3,0.25,-37.41
ORD0579,11/16/2024,11/18/2024,CUST028,Customer_88,Home Office,West,Furniture,Tables,Dining Table,364.78,3,0.01,69.31
ORD0580,5/10/2024,5/16/2024,CUST249,Customer_53,Home Office,West,Office Supplies,Storage,Storage Box,465.64,3,0.26,-27.94
ORD0581,9/9/2024,9/11/2024,CUST076,Customer_273,Consumer,East,Office Supplies,Paper,Notebook,180.98,1,0.04,28.96
ORD0582,12/28/2024,12/29/2024,CUST024,Customer_31,Home Office,East,Office Supplies,Storage,File Cabinet,347.92,4,0.29,-31.31
ORD0583,2/21/2024,2/25/2024,CUST026,Customer_82,Corporate,East,Technology,Accessories,Headphones,880.34,4,0.11,79.23
ORD0584,11/5/2024,11/11/2024,CUST264,Customer_10,Corporate,North,Technology,Accessories,Mouse,737.52,2,0.1,73.75
ORD0585,6/1/2024,6/5/2024,CUST156,Customer_121,Home Office,East,Office Supplies,Paper,Notebook,691.6,5,0.18,13.83
ORD0586,10/30/2024,11/4/2024,CUST034,Customer_299,Home Office,North,Office Supplies,Paper,A4 Paper Pack,132.87,5,0.14,7.97
ORD0587,12/5/2024,12/12/2024,CUST132,Customer_34,Home Office,South,Office Supplies,Paper,Notebook,345.82,4,0.26,-20.75
ORD0588,7/28/2024,8/1/2024,CUST111,Customer_262,Home Office,East,Furniture,Bookcases,Wooden Bookcase,51.94,1,0.12,4.16
ORD0589,1/6/2024,1/7/2024,CUST004,Customer_263,Consumer,East,Technology,Computers,Laptop,826.6,2,0.11,74.39
ORD0590,4/14/2024,4/21/2024,CUST265,Customer_261,Home Office,West,Office Supplies,Binders,Ring Binder,657.31,4,0.26,-39.44
ORD0591,1/24/2024,1/31/2024,CUST181,Customer_227,Corporate,East,Office Supplies,Storage,Storage Box,902.47,5,0.3,-90.25
ORD0592,9/13/2024,9/16/2024,CUST231,Customer_155,Corporate,West,Office Supplies,Storage,File Cabinet,766.92,2,0.29,-69.02
ORD0593,7/7/2024,7/12/2024,CUST030,Customer_284,Home Office,North,Office Supplies,Storage,Storage Box,534.28,2,0.29,-48.09
ORD0594,9/30/2024,10/4/2024,CUST181,Customer_126,Corporate,South,Technology,Phones,iPhone,108.72,2,0.18,2.17
ORD0595,4/21/2024,4/23/2024,CUST094,Customer_170,Consumer,West,Technology,Accessories,Mouse,434.21,1,0.07,56.45
ORD0596,6/17/2024,6/19/2024,CUST167,Customer_150,Consumer,North,Office Supplies,Binders,Ring Binder,482.46,3,0.11,43.42
ORD0597,7/18/2024,7/19/2024,CUST053,Customer_28,Home Office,North,Office Supplies,Paper,Notebook,747.45,2,0.08,89.69
ORD0598,8/28/2024,8/29/2024,CUST294,Customer_178,Corporate,West,Furniture,Tables,Dining Table,611.72,2,0.07,79.52
ORD0599,7/17/2024,7/21/2024,CUST100,Customer_191,Corporate,East,Office Supplies,Paper,A4 Paper Pack,735.89,3,0.23,-22.08
ORD0600,12/1/2024,12/4/2024,CUST018,Customer_274,Consumer,West,Office Supplies,Paper,Notebook,969.66,3,0.08,116.36
ORD0601,3/25/2024,3/26/2024,CUST271,Customer_21,Corporate,West,Office Supplies,Binders,Ring Binder,858.95,1,0.2,0
ORD0602,11/8/2024,11/12/2024,CUST270,Customer_178,Corporate,West,Office Supplies,Paper,Notebook,644.45,2,0.19,6.44
ORD0603,4/15/2024,4/16/2024,CUST148,Customer_192,Home Office,West,Furniture,Bookcases,Metal Bookcase,628.57,4,0.18,12.57
ORD0604,3/4/2024,3/5/2024,CUST072,Customer_109,Corporate,South,Technology,Accessories,Mouse,951.86,3,0.11,85.67
ORD0605,1/21/2024,1/22/2024,CUST021,Customer_145,Consumer,East,Furniture,Chairs,Office Chair,213.43,5,0.25,-10.67
ORD0606,6/19/2024,6/23/2024,CUST007,Customer_59,Consumer,East,Office Supplies,Storage,Storage Box,381.94,4,0.02,68.75
ORD0607,9/12/2024,9/17/2024,CUST286,Customer_183,Corporate,West,Furniture,Bookcases,Metal Bookcase,293.37,1,0.11,26.4
ORD0608,6/27/2024,7/3/2024,CUST128,Customer_291,Home Office,East,Office Supplies,Paper,A4 Paper Pack,728.41,4,0.11,65.56
ORD0609,2/23/2024,2/27/2024,CUST290,Customer_47,Consumer,West,Furniture,Bookcases,Metal Bookcase,48.53,1,0.08,5.82
ORD0610,7/5/2024,7/6/2024,CUST226,Customer_174,Consumer,South,Office Supplies,Storage,Storage Box,866.49,3,0.15,43.32
ORD0611,6/6/2024,6/9/2024,CUST193,Customer_3,Consumer,North,Technology,Accessories,Mouse,920.18,2,0.16,36.81
ORD0612,5/25/2024,5/31/2024,CUST130,Customer_187,Corporate,South,Office Supplies,Storage,File Cabinet,587.4,2,0.13,41.12
ORD0613,8/17/2024,8/24/2024,CUST136,Customer_211,Consumer,West,Office Supplies,Paper,A4 Paper Pack,233.25,2,0.23,-7
ORD0614,4/16/2024,4/22/2024,CUST279,Customer_261,Corporate,West,Office Supplies,Paper,A4 Paper Pack,775.24,3,0.29,-69.77
ORD0615,9/15/2024,9/19/2024,CUST016,Customer_13,Corporate,East,Furniture,Bookcases,Metal Bookcase,432.62,2,0.25,-21.63
ORD0616,2/10/2024,2/12/2024,CUST098,Customer_228,Home Office,East,Furniture,Bookcases,Metal Bookcase,253.29,1,0.19,2.53
ORD0617,4/12/2024,4/13/2024,CUST244,Customer_96,Consumer,South,Office Supplies,Paper,Notebook,455.12,3,0.04,72.82
ORD0618,12/22/2024,12/27/2024,CUST079,Customer_133,Home Office,South,Office Supplies,Paper,A4 Paper Pack,882.44,5,0.16,35.3
ORD0619,10/27/2024,10/30/2024,CUST289,Customer_15,Home Office,West,Office Supplies,Paper,A4 Paper Pack,517.35,2,0.25,-25.87
ORD0620,9/5/2024,9/9/2024,CUST067,Customer_268,Home Office,East,Furniture,Chairs,Office Chair,900.95,2,0.24,-36.04
ORD0621,4/11/2024,4/18/2024,CUST203,Customer_177,Home Office,North,Technology,Phones,Samsung Galaxy,916.37,4,0.01,174.11
ORD0622,10/3/2024,10/4/2024,CUST096,Customer_138,Corporate,East,Technology,Computers,Desktop,169.33,3,0.3,-16.93
ORD0623,9/2/2024,9/5/2024,CUST273,Customer_3,Home Office,South,Furniture,Bookcases,Wooden Bookcase,837.81,3,0.2,0
ORD0624,1/27/2024,2/1/2024,CUST249,Customer_112,Corporate,East,Office Supplies,Storage,Storage Box,725.8,2,0.14,43.55
ORD0625,9/17/2024,9/20/2024,CUST075,Customer_43,Consumer,East,Technology,Phones,iPhone,178.18,5,0.1,17.82
ORD0626,4/11/2024,4/12/2024,CUST198,Customer_145,Home Office,South,Office Supplies,Binders,Ring Binder,514.9,4,0.14,30.89
ORD0627,11/18/2024,11/25/2024,CUST059,Customer_100,Home Office,East,Office Supplies,Paper,Notebook,745.41,4,0.01,141.63
ORD0628,5/8/2024,5/11/2024,CUST120,Customer_124,Home Office,North,Furniture,Tables,Study Table,922.46,5,0.18,18.45
ORD0629,11/13/2024,11/16/2024,CUST192,Customer_84,Home Office,West,Technology,Computers,Desktop,118.33,1,0.02,21.3
ORD0630,1/26/2024,1/30/2024,CUST046,Customer_18,Corporate,West,Technology,Accessories,Headphones,890.37,5,0.29,-80.13
ORD0631,1/23/2024,1/30/2024,CUST192,Customer_2,Corporate,South,Technology,Accessories,Mouse,358.39,1,0.25,-17.92
ORD0632,10/23/2024,10/30/2024,CUST190,Customer_251,Home Office,East,Furniture,Tables,Study Table,935.1,4,0.06,130.91
ORD0633,7/9/2024,7/12/2024,CUST118,Customer_92,Home Office,North,Furniture,Bookcases,Wooden Bookcase,376.1,1,0.1,37.61
ORD0634,8/5/2024,8/12/2024,CUST250,Customer_296,Corporate,South,Technology,Phones,Samsung Galaxy,51.25,3,0.29,-4.61
ORD0635,11/5/2024,11/6/2024,CUST147,Customer_107,Consumer,North,Technology,Accessories,Headphones,123.86,5,0.26,-7.43
ORD0636,3/7/2024,3/13/2024,CUST098,Customer_91,Consumer,East,Furniture,Tables,Study Table,618.97,1,0.23,-18.57
ORD0637,7/7/2024,7/11/2024,CUST268,Customer_277,Consumer,West,Technology,Computers,Laptop,638.95,3,0.08,76.67
ORD0638,9/4/2024,9/8/2024,CUST258,Customer_189,Consumer,North,Office Supplies,Storage,Storage Box,252.43,5,0.11,22.72
ORD0639,7/21/2024,7/22/2024,CUST001,Customer_297,Home Office,North,Office Supplies,Storage,Storage Box,28.63,1,0.17,0.86
ORD0640,5/22/2024,5/23/2024,CUST276,Customer_277,Corporate,East,Technology,Accessories,Headphones,531.16,2,0.3,-53.12
ORD0641,11/28/2024,11/29/2024,CUST300,Customer_72,Corporate,East,Furniture,Bookcases,Wooden Bookcase,213.99,5,0.2,0
ORD0642,2/8/2024,2/12/2024,CUST098,Customer_73,Consumer,East,Office Supplies,Binders,Clip Binder,558.67,2,0.26,-33.52
ORD0643,8/29/2024,9/4/2024,CUST105,Customer_134,Home Office,East,Furniture,Bookcases,Wooden Bookcase,306.74,5,0.27,-21.47
ORD0644,2/21/2024,2/27/2024,CUST034,Customer_104,Home Office,East,Furniture,Chairs,Office Chair,271.15,4,0.01,51.52
ORD0645,12/8/2024,12/12/2024,CUST212,Customer_66,Corporate,West,Furniture,Bookcases,Metal Bookcase,44.9,5,0.16,1.8
ORD0646,9/12/2024,9/13/2024,CUST023,Customer_27,Consumer,South,Furniture,Tables,Dining Table,807.72,1,0.21,-8.08
ORD0647,10/21/2024,10/27/2024,CUST069,Customer_280,Home Office,South,Office Supplies,Storage,File Cabinet,433.46,1,0.26,-26.01
ORD0648,3/2/2024,3/6/2024,CUST219,Customer_216,Corporate,South,Furniture,Chairs,Gaming Chair,897.38,3,0.01,170.5
ORD0649,1/4/2024,1/6/2024,CUST066,Customer_176,Consumer,South,Technology,Computers,Laptop,927.99,2,0.22,-18.56
ORD0650,7/6/2024,7/13/2024,CUST009,Customer_195,Consumer,North,Technology,Computers,Laptop,881.48,1,0.14,52.89
ORD0651,11/30/2024,12/4/2024,CUST058,Customer_233,Home Office,North,Office Supplies,Storage,Storage Box,648.73,1,0.24,-25.95
ORD0652,2/17/2024,2/22/2024,CUST111,Customer_175,Home Office,South,Furniture,Bookcases,Metal Bookcase,469.43,4,0.1,46.94
ORD0653,2/24/2024,2/28/2024,CUST058,Customer_229,Home Office,North,Office Supplies,Paper,Notebook,774.06,5,0.23,-23.22
ORD0654,3/21/2024,3/23/2024,CUST281,Customer_277,Home Office,North,Office Supplies,Binders,Clip Binder,444.39,2,0.05,66.66
ORD0655,7/31/2024,8/5/2024,CUST212,Customer_19,Home Office,South,Technology,Phones,Samsung Galaxy,346.14,4,0.03,58.84
ORD0656,10/9/2024,10/11/2024,CUST097,Customer_121,Consumer,East,Office Supplies,Paper,A4 Paper Pack,376.77,2,0.19,3.77
ORD0657,10/16/2024,10/21/2024,CUST233,Customer_69,Consumer,East,Technology,Phones,Samsung Galaxy,961.28,1,0.12,76.9
ORD0658,10/3/2024,10/10/2024,CUST129,Customer_166,Consumer,East,Office Supplies,Storage,File Cabinet,874.33,4,0.1,87.43
ORD0659,5/28/2024,5/30/2024,CUST276,Customer_3,Consumer,West,Technology,Computers,Desktop,782.59,4,0.06,109.56
ORD0660,12/14/2024,12/21/2024,CUST146,Customer_271,Consumer,South,Office Supplies,Storage,File Cabinet,185.18,4,0.29,-16.67
ORD0661,12/16/2024,12/20/2024,CUST215,Customer_112,Home Office,South,Office Supplies,Paper,Notebook,548.57,4,0.16,21.94
ORD0662,1/25/2024,1/29/2024,CUST091,Customer_45,Consumer,West,Furniture,Bookcases,Wooden Bookcase,977.05,2,0.08,117.25
ORD0663,4/30/2024,5/5/2024,CUST170,Customer_168,Consumer,South,Technology,Accessories,Headphones,886.73,3,0.18,17.73
ORD0664,4/21/2024,4/26/2024,CUST010,Customer_142,Corporate,West,Technology,Phones,Samsung Galaxy,802.4,5,0.27,-56.17
ORD0665,7/1/2024,7/7/2024,CUST045,Customer_136,Corporate,West,Furniture,Tables,Dining Table,227,5,0,45.4
ORD0666,9/16/2024,9/17/2024,CUST024,Customer_273,Consumer,East,Technology,Accessories,Mouse,452.12,4,0.28,-36.17
ORD0667,5/10/2024,5/12/2024,CUST249,Customer_32,Consumer,South,Technology,Computers,Laptop,727.54,1,0.09,80.03
ORD0668,4/29/2024,5/4/2024,CUST005,Customer_258,Home Office,East,Office Supplies,Binders,Clip Binder,685.91,2,0.15,34.3
ORD0669,7/5/2024,7/7/2024,CUST058,Customer_16,Home Office,South,Furniture,Bookcases,Metal Bookcase,662.7,2,0.25,-33.13
ORD0670,1/12/2024,1/13/2024,CUST245,Customer_108,Corporate,East,Office Supplies,Paper,Notebook,571.68,3,0.27,-40.02
ORD0671,9/14/2024,9/21/2024,CUST177,Customer_270,Home Office,North,Technology,Accessories,Headphones,478.2,1,0.11,43.04
ORD0672,4/8/2024,4/9/2024,CUST003,Customer_231,Corporate,East,Office Supplies,Binders,Ring Binder,336.17,2,0.21,-3.36
ORD0673,9/9/2024,9/15/2024,CUST014,Customer_180,Home Office,East,Technology,Phones,Samsung Galaxy,993.58,1,0.02,178.84
ORD0674,11/18/2024,11/21/2024,CUST166,Customer_55,Home Office,South,Furniture,Tables,Study Table,918.8,4,0.27,-64.32
ORD0675,3/29/2024,3/31/2024,CUST059,Customer_231,Corporate,South,Office Supplies,Storage,File Cabinet,891.02,4,0.02,160.38
ORD0676,10/27/2024,10/28/2024,CUST177,Customer_185,Home Office,North,Furniture,Bookcases,Metal Bookcase,680.87,1,0.22,-13.62
ORD0677,7/28/2024,7/31/2024,CUST067,Customer_192,Consumer,East,Furniture,Bookcases,Wooden Bookcase,639.78,4,0.25,-31.99
ORD0678,9/9/2024,9/16/2024,CUST007,Customer_68,Home Office,West,Office Supplies,Storage,File Cabinet,104.65,3,0.11,9.42
ORD0679,11/29/2024,11/30/2024,CUST132,Customer_174,Corporate,East,Furniture,Chairs,Gaming Chair,470.55,4,0.25,-23.53
ORD0680,10/28/2024,11/3/2024,CUST153,Customer_277,Consumer,South,Furniture,Bookcases,Metal Bookcase,475.86,5,0.23,-14.28
ORD0681,5/20/2024,5/23/2024,CUST248,Customer_175,Corporate,North,Furniture,Bookcases,Wooden Bookcase,222.13,4,0.02,39.98
ORD0682,5/11/2024,5/12/2024,CUST048,Customer_254,Consumer,East,Furniture,Tables,Dining Table,236.73,2,0.03,40.24
ORD0683,9/21/2024,9/28/2024,CUST203,Customer_138,Consumer,South,Office Supplies,Storage,File Cabinet,648.76,1,0.14,38.93
ORD0684,3/25/2024,3/30/2024,CUST025,Customer_130,Consumer,East,Furniture,Bookcases,Wooden Bookcase,968.61,4,0.11,87.17
ORD0685,9/1/2024,9/7/2024,CUST227,Customer_106,Corporate,North,Furniture,Chairs,Gaming Chair,116.63,5,0.25,-5.83
ORD0686,1/2/2024,1/4/2024,CUST167,Customer_126,Home Office,East,Furniture,Tables,Dining Table,671.65,2,0.25,-33.58
ORD0687,8/19/2024,8/20/2024,CUST140,Customer_210,Home Office,West,Office Supplies,Binders,Clip Binder,130.3,1,0.07,16.94
ORD0688,5/30/2024,6/2/2024,CUST011,Customer_223,Corporate,West,Technology,Accessories,Headphones,65.45,3,0.25,-3.27
ORD0689,12/6/2024,12/8/2024,CUST093,Customer_224,Consumer,North,Technology,Phones,iPhone,709.32,5,0.24,-28.37
ORD0690,7/17/2024,7/24/2024,CUST063,Customer_46,Corporate,West,Technology,Accessories,Headphones,759.38,1,0.26,-45.56
ORD0691,11/2/2024,11/7/2024,CUST121,Customer_107,Corporate,West,Office Supplies,Paper,Notebook,240.03,2,0.02,43.21
ORD0692,4/4/2024,4/11/2024,CUST204,Customer_193,Corporate,East,Office Supplies,Storage,File Cabinet,999.63,3,0.14,59.98
ORD0693,10/26/2024,11/1/2024,CUST271,Customer_209,Home Office,West,Technology,Accessories,Headphones,861.28,5,0.22,-17.23
ORD0694,7/22/2024,7/27/2024,CUST298,Customer_279,Home Office,West,Office Supplies,Storage,Storage Box,79.11,2,0.06,11.08
ORD0695,1/6/2024,1/13/2024,CUST216,Customer_208,Corporate,East,Office Supplies,Storage,File Cabinet,338.73,5,0.17,10.16
ORD0696,8/3/2024,8/7/2024,CUST169,Customer_57,Consumer,South,Technology,Computers,Laptop,924.22,4,0.11,83.18
ORD0697,1/9/2024,1/11/2024,CUST024,Customer_275,Consumer,South,Office Supplies,Binders,Ring Binder,635.46,3,0.07,82.61
ORD0698,10/23/2024,10/27/2024,CUST073,Customer_16,Home Office,East,Office Supplies,Paper,Notebook,231.53,1,0.12,18.52
ORD0699,11/2/2024,11/5/2024,CUST225,Customer_53,Corporate,West,Furniture,Bookcases,Wooden Bookcase,751.48,4,0.26,-45.09
ORD0700,10/15/2024,10/20/2024,CUST064,Customer_77,Consumer,West,Technology,Accessories,Headphones,306.88,1,0.14,18.41
ORD0701,10/17/2024,10/20/2024,CUST223,Customer_94,Consumer,North,Office Supplies,Storage,Storage Box,143.85,1,0.19,1.44
ORD0702,8/8/2024,8/11/2024,CUST146,Customer_2,Home Office,South,Office Supplies,Paper,A4 Paper Pack,657.1,2,0.19,6.57
ORD0703,9/14/2024,9/19/2024,CUST159,Customer_104,Home Office,West,Furniture,Tables,Study Table,797.66,4,0.04,127.63
ORD0704,8/6/2024,8/10/2024,CUST280,Customer_132,Corporate,West,Furniture,Chairs,Gaming Chair,81.42,2,0.07,10.58
ORD0705,8/31/2024,9/6/2024,CUST232,Customer_265,Corporate,West,Furniture,Bookcases,Metal Bookcase,554.48,3,0.28,-44.36
ORD0706,12/6/2024,12/12/2024,CUST168,Customer_279,Home Office,South,Furniture,Tables,Study Table,409.33,5,0.04,65.49
ORD0707,3/28/2024,3/30/2024,CUST059,Customer_150,Corporate,East,Office Supplies,Paper,Notebook,964.83,4,0.25,-48.24
ORD0708,7/5/2024,7/11/2024,CUST141,Customer_246,Corporate,North,Furniture,Bookcases,Metal Bookcase,111.24,3,0.24,-4.45
ORD0709,11/26/2024,11/30/2024,CUST174,Customer_228,Home Office,East,Furniture,Chairs,Gaming Chair,191.26,2,0.16,7.65
ORD0710,1/11/2024,1/12/2024,CUST293,Customer_166,Home Office,North,Furniture,Chairs,Gaming Chair,204.1,2,0.24,-8.16
ORD0711,10/2/2024,10/9/2024,CUST280,Customer_258,Corporate,South,Technology,Accessories,Headphones,542.94,1,0.21,-5.43
ORD0712,5/30/2024,6/5/2024,CUST041,Customer_83,Home Office,West,Technology,Phones,Samsung Galaxy,712.52,5,0.16,28.5
ORD0713,11/15/2024,11/16/2024,CUST181,Customer_164,Consumer,South,Office Supplies,Storage,Storage Box,789.91,3,0.13,55.29
ORD0714,10/2/2024,10/8/2024,CUST108,Customer_83,Corporate,West,Furniture,Chairs,Office Chair,550.68,2,0.22,-11.01
ORD0715,8/12/2024,8/17/2024,CUST051,Customer_240,Home Office,South,Technology,Phones,Samsung Galaxy,610.1,2,0.07,79.31
ORD0716,9/30/2024,10/5/2024,CUST245,Customer_51,Corporate,South,Furniture,Bookcases,Metal Bookcase,982.09,1,0.05,147.31
ORD0717,3/6/2024,3/8/2024,CUST261,Customer_70,Corporate,West,Furniture,Tables,Study Table,142.03,4,0.06,19.88
ORD0718,7/13/2024,7/20/2024,CUST294,Customer_27,Home Office,West,Technology,Phones,Samsung Galaxy,415.34,4,0.2,0
ORD0719,9/1/2024,9/8/2024,CUST063,Customer_29,Home Office,South,Technology,Computers,Desktop,559.59,4,0.12,44.77
ORD0720,11/2/2024,11/7/2024,CUST230,Customer_276,Home Office,East,Furniture,Chairs,Gaming Chair,533.28,5,0.12,42.66
ORD0721,10/10/2024,10/17/2024,CUST270,Customer_235,Consumer,West,Furniture,Chairs,Office Chair,868.97,1,0.23,-26.07
ORD0722,7/5/2024,7/10/2024,CUST001,Customer_19,Corporate,West,Furniture,Chairs,Gaming Chair,266.18,1,0.16,10.65
ORD0723,10/24/2024,10/28/2024,CUST175,Customer_106,Consumer,East,Furniture,Bookcases,Wooden Bookcase,744.34,3,0.25,-37.22
ORD0724,11/18/2024,11/23/2024,CUST045,Customer_247,Home Office,North,Furniture,Bookcases,Metal Bookcase,806.54,4,0.28,-64.52
ORD0725,6/14/2024,6/19/2024,CUST268,Customer_160,Consumer,South,Office Supplies,Storage,File Cabinet,793.17,4,0.28,-63.45
ORD0726,3/15/2024,3/20/2024,CUST224,Customer_163,Consumer,West,Office Supplies,Paper,A4 Paper Pack,96.52,2,0.19,0.97
ORD0727,1/23/2024,1/24/2024,CUST065,Customer_109,Consumer,North,Furniture,Tables,Dining Table,352.86,5,0.2,0
ORD0728,8/27/2024,9/1/2024,CUST016,Customer_179,Consumer,South,Office Supplies,Storage,Storage Box,735.07,3,0.06,102.91
ORD0729,8/6/2024,8/8/2024,CUST155,Customer_99,Corporate,South,Office Supplies,Binders,Ring Binder,834.23,1,0.26,-50.05
ORD0730,6/27/2024,7/2/2024,CUST049,Customer_229,Home Office,West,Office Supplies,Storage,File Cabinet,907.46,4,0,181.49
ORD0731,4/6/2024,4/13/2024,CUST052,Customer_44,Home Office,East,Furniture,Bookcases,Wooden Bookcase,629.73,5,0.3,-62.97
ORD0732,5/4/2024,5/10/2024,CUST009,Customer_77,Consumer,West,Technology,Computers,Desktop,587.67,4,0.26,-35.26
ORD0733,10/29/2024,11/2/2024,CUST296,Customer_275,Consumer,East,Office Supplies,Paper,A4 Paper Pack,423.5,3,0.12,33.88
ORD0734,11/21/2024,11/28/2024,CUST297,Customer_183,Home Office,North,Technology,Accessories,Headphones,798.59,1,0.01,151.73
ORD0735,8/14/2024,8/16/2024,CUST030,Customer_68,Corporate,South,Office Supplies,Binders,Clip Binder,281.91,4,0.07,36.65
ORD0736,10/24/2024,10/29/2024,CUST193,Customer_28,Corporate,North,Office Supplies,Paper,A4 Paper Pack,423.98,3,0.26,-25.44
ORD0737,7/30/2024,7/31/2024,CUST038,Customer_248,Corporate,East,Office Supplies,Storage,File Cabinet,533.66,2,0.23,-16.01
ORD0738,6/11/2024,6/15/2024,CUST177,Customer_96,Consumer,East,Office Supplies,Paper,Notebook,726.57,2,0.28,-58.13
ORD0739,4/3/2024,4/8/2024,CUST237,Customer_40,Home Office,North,Technology,Phones,iPhone,880.42,3,0.23,-26.41
ORD0740,10/19/2024,10/20/2024,CUST036,Customer_296,Consumer,South,Office Supplies,Binders,Ring Binder,792.06,5,0.11,71.29
ORD0741,11/12/2024,11/18/2024,CUST204,Customer_47,Corporate,South,Furniture,Tables,Dining Table,984.27,4,0.15,49.21
ORD0742,6/19/2024,6/25/2024,CUST156,Customer_49,Home Office,West,Furniture,Chairs,Gaming Chair,584.37,1,0.1,58.44
ORD0743,3/26/2024,3/31/2024,CUST005,Customer_103,Home Office,North,Furniture,Chairs,Office Chair,626.24,3,0.04,100.2
ORD0744,1/3/2024,1/5/2024,CUST198,Customer_150,Corporate,East,Technology,Phones,iPhone,655.16,2,0.24,-26.21
ORD0745,2/3/2024,2/4/2024,CUST263,Customer_271,Corporate,East,Technology,Phones,iPhone,979.72,3,0.01,186.15
ORD0746,10/20/2024,10/21/2024,CUST090,Customer_283,Consumer,East,Furniture,Chairs,Office Chair,988.34,5,0.04,158.13
ORD0747,6/9/2024,6/15/2024,CUST209,Customer_195,Consumer,East,Office Supplies,Binders,Ring Binder,409.23,5,0.09,45.02
ORD0748,9/4/2024,9/5/2024,CUST194,Customer_272,Home Office,South,Furniture,Bookcases,Wooden Bookcase,136.48,1,0.3,-13.65
ORD0749,4/6/2024,4/10/2024,CUST064,Customer_91,Corporate,North,Technology,Accessories,Headphones,659.32,4,0.03,112.08
ORD0750,5/12/2024,5/15/2024,CUST169,Customer_126,Home Office,South,Technology,Accessories,Headphones,372.83,3,0,74.57
ORD0751,11/16/2024,11/22/2024,CUST114,Customer_276,Consumer,South,Technology,Computers,Desktop,767.92,5,0.25,-38.4
ORD0752,7/1/2024,7/4/2024,CUST053,Customer_272,Corporate,North,Furniture,Bookcases,Wooden Bookcase,385.01,2,0.19,3.85
ORD0753,1/22/2024,1/29/2024,CUST180,Customer_127,Corporate,North,Furniture,Bookcases,Metal Bookcase,867.57,4,0.05,130.14
ORD0754,8/17/2024,8/24/2024,CUST205,Customer_101,Corporate,West,Technology,Phones,iPhone,498.27,1,0.03,84.71
ORD0755,7/5/2024,7/6/2024,CUST288,Customer_142,Corporate,West,Furniture,Tables,Study Table,720.99,3,0.04,115.36
ORD0756,8/6/2024,8/12/2024,CUST149,Customer_7,Consumer,West,Office Supplies,Storage,File Cabinet,326.5,3,0.08,39.18
ORD0757,5/18/2024,5/25/2024,CUST296,Customer_187,Consumer,East,Furniture,Tables,Study Table,845.24,1,0.09,92.98
ORD0758,2/13/2024,2/18/2024,CUST273,Customer_114,Home Office,South,Office Supplies,Storage,Storage Box,22.29,3,0.06,3.12
ORD0759,7/6/2024,7/9/2024,CUST038,Customer_220,Home Office,South,Office Supplies,Binders,Clip Binder,370.05,5,0.15,18.5
ORD0760,7/18/2024,7/20/2024,CUST162,Customer_253,Consumer,South,Technology,Accessories,Headphones,839.06,3,0.18,16.78
ORD0761,4/30/2024,5/3/2024,CUST172,Customer_38,Home Office,South,Technology,Phones,iPhone,84.29,3,0.25,-4.21
ORD0762,1/25/2024,1/27/2024,CUST057,Customer_25,Home Office,East,Technology,Computers,Laptop,984.23,4,0.04,157.48
ORD0763,3/3/2024,3/4/2024,CUST172,Customer_287,Corporate,West,Furniture,Chairs,Gaming Chair,911.07,2,0.16,36.44
ORD0764,7/26/2024,7/31/2024,CUST087,Customer_63,Consumer,South,Technology,Phones,iPhone,685.63,2,0.02,123.41
ORD0765,2/12/2024,2/19/2024,CUST237,Customer_55,Consumer,West,Office Supplies,Binders,Clip Binder,62.2,2,0.05,9.33
ORD0766,11/17/2024,11/19/2024,CUST123,Customer_58,Corporate,North,Furniture,Chairs,Gaming Chair,291.28,5,0.12,23.3
ORD0767,9/8/2024,9/12/2024,CUST264,Customer_282,Consumer,East,Office Supplies,Paper,Notebook,648.18,4,0.13,45.37
ORD0768,3/18/2024,3/25/2024,CUST213,Customer_140,Corporate,South,Technology,Computers,Laptop,865.28,2,0.26,-51.92
ORD0769,11/29/2024,12/3/2024,CUST185,Customer_131,Corporate,South,Furniture,Chairs,Gaming Chair,70.51,4,0.04,11.28
ORD0770,4/1/2024,4/3/2024,CUST133,Customer_201,Consumer,North,Technology,Phones,Samsung Galaxy,802.98,1,0.19,8.03
ORD0771,6/22/2024,6/29/2024,CUST066,Customer_66,Consumer,South,Office Supplies,Paper,Notebook,186.07,3,0.17,5.58
ORD0772,1/26/2024,2/1/2024,CUST247,Customer_132,Home Office,East,Furniture,Tables,Dining Table,854.56,3,0.19,8.55
ORD0773,3/18/2024,3/24/2024,CUST107,Customer_185,Corporate,North,Office Supplies,Paper,A4 Paper Pack,245.66,1,0.09,27.02
ORD0774,3/16/2024,3/22/2024,CUST047,Customer_176,Corporate,North,Technology,Computers,Laptop,819.29,1,0.01,155.67
ORD0775,9/14/2024,9/16/2024,CUST170,Customer_6,Home Office,East,Furniture,Bookcases,Wooden Bookcase,756.23,4,0.2,0
ORD0776,9/21/2024,9/22/2024,CUST008,Customer_147,Corporate,North,Technology,Accessories,Headphones,776.31,4,0.16,31.05
ORD0777,12/31/2024,1/1/2025,CUST102,Customer_147,Corporate,West,Technology,Computers,Laptop,942.05,5,0.04,150.73
ORD0778,6/25/2024,7/1/2024,CUST152,Customer_140,Consumer,West,Furniture,Tables,Dining Table,361.09,3,0.16,14.44
ORD0779,3/18/2024,3/21/2024,CUST005,Customer_264,Consumer,East,Technology,Computers,Laptop,800.37,1,0.16,32.01
ORD0780,11/26/2024,12/1/2024,CUST157,Customer_22,Home Office,South,Furniture,Bookcases,Metal Bookcase,281.17,2,0.08,33.74
ORD0781,10/1/2024,10/4/2024,CUST180,Customer_208,Corporate,North,Office Supplies,Binders,Clip Binder,233.46,5,0.2,0
ORD0782,9/5/2024,9/6/2024,CUST142,Customer_219,Home Office,East,Office Supplies,Binders,Ring Binder,479.16,1,0.18,9.58
ORD0783,4/17/2024,4/22/2024,CUST088,Customer_233,Corporate,North,Furniture,Tables,Dining Table,768.14,4,0.22,-15.36
ORD0784,1/2/2024,1/3/2024,CUST280,Customer_197,Home Office,East,Office Supplies,Binders,Clip Binder,940.13,5,0.18,18.8
ORD0785,7/1/2024,7/8/2024,CUST195,Customer_251,Consumer,North,Office Supplies,Storage,Storage Box,546.89,3,0.27,-38.28
ORD0786,4/6/2024,4/12/2024,CUST236,Customer_264,Consumer,West,Office Supplies,Storage,File Cabinet,273.63,2,0.01,51.99
ORD0787,12/11/2024,12/12/2024,CUST003,Customer_170,Home Office,East,Technology,Accessories,Mouse,353.26,4,0.27,-24.73
ORD0788,9/5/2024,9/9/2024,CUST115,Customer_250,Home Office,South,Technology,Accessories,Headphones,81.04,2,0.22,-1.62
ORD0789,5/23/2024,5/24/2024,CUST091,Customer_179,Home Office,North,Technology,Phones,iPhone,23,4,0.04,3.68
ORD0790,4/12/2024,4/17/2024,CUST064,Customer_266,Consumer,North,Technology,Phones,Samsung Galaxy,585.68,5,0.2,0
ORD0791,3/11/2024,3/16/2024,CUST198,Customer_119,Home Office,West,Technology,Phones,Samsung Galaxy,599.78,2,0.01,113.96
ORD0792,5/26/2024,5/29/2024,CUST018,Customer_236,Corporate,South,Technology,Phones,Samsung Galaxy,67.17,3,0.2,0
ORD0793,2/15/2024,2/22/2024,CUST048,Customer_3,Corporate,South,Furniture,Bookcases,Wooden Bookcase,63.53,1,0.13,4.45
ORD0794,4/20/2024,4/21/2024,CUST145,Customer_54,Home Office,West,Furniture,Chairs,Office Chair,119.01,4,0.13,8.33
ORD0795,10/10/2024,10/17/2024,CUST030,Customer_135,Consumer,North,Office Supplies,Binders,Ring Binder,64.34,3,0.22,-1.29
ORD0796,6/10/2024,6/13/2024,CUST267,Customer_179,Home Office,North,Furniture,Tables,Study Table,253.87,5,0.02,45.7
ORD0797,6/25/2024,6/28/2024,CUST217,Customer_59,Home Office,North,Technology,Computers,Laptop,123.16,1,0.22,-2.46
ORD0798,8/23/2024,8/26/2024,CUST272,Customer_103,Consumer,North,Technology,Computers,Desktop,642.23,4,0.17,19.27
ORD0799,1/27/2024,2/2/2024,CUST126,Customer_203,Home Office,West,Furniture,Chairs,Office Chair,658.18,5,0.27,-46.07
ORD0800,11/30/2024,12/6/2024,CUST003,Customer_129,Consumer,North,Technology,Accessories,Mouse,20.92,4,0.28,-1.67
ORD0801,10/16/2024,10/22/2024,CUST243,Customer_47,Home Office,East,Office Supplies,Binders,Ring Binder,549.06,1,0.02,98.83
ORD0802,6/21/2024,6/22/2024,CUST134,Customer_50,Corporate,East,Technology,Phones,Samsung Galaxy,648.25,3,0.23,-19.45
ORD0803,1/1/2024,1/6/2024,CUST150,Customer_195,Consumer,East,Technology,Phones,Samsung Galaxy,179.31,4,0.22,-3.59
ORD0804,4/5/2024,4/12/2024,CUST168,Customer_156,Consumer,South,Furniture,Chairs,Office Chair,797.31,4,0.27,-55.81
ORD0805,2/19/2024,2/25/2024,CUST067,Customer_73,Home Office,West,Technology,Phones,iPhone,291.85,5,0.15,14.59
ORD0806,7/16/2024,7/18/2024,CUST161,Customer_236,Consumer,East,Technology,Phones,Samsung Galaxy,773.21,5,0.08,92.79
ORD0807,2/8/2024,2/15/2024,CUST212,Customer_140,Corporate,East,Furniture,Tables,Dining Table,366.97,5,0.12,29.36
ORD0808,3/8/2024,3/15/2024,CUST027,Customer_30,Corporate,East,Office Supplies,Paper,Notebook,707.61,2,0.04,113.22
ORD0809,2/5/2024,2/9/2024,CUST027,Customer_73,Home Office,East,Technology,Computers,Laptop,185.24,3,0.25,-9.26
ORD0810,1/19/2024,1/22/2024,CUST048,Customer_52,Corporate,South,Furniture,Tables,Study Table,170.94,1,0.13,11.97
ORD0811,10/4/2024,10/6/2024,CUST141,Customer_297,Consumer,South,Office Supplies,Binders,Ring Binder,40.65,3,0.23,-1.22
ORD0812,5/18/2024,5/22/2024,CUST039,Customer_164,Corporate,North,Technology,Phones,iPhone,354.77,4,0.23,-10.64
ORD0813,4/11/2024,4/13/2024,CUST166,Customer_117,Consumer,West,Technology,Phones,Samsung Galaxy,162.37,4,0.16,6.49
ORD0814,3/14/2024,3/16/2024,CUST034,Customer_191,Home Office,West,Technology,Computers,Laptop,203.96,4,0.17,6.12
ORD0815,4/24/2024,4/30/2024,CUST219,Customer_131,Consumer,North,Furniture,Chairs,Office Chair,43.29,4,0.16,1.73
ORD0816,2/3/2024,2/5/2024,CUST149,Customer_256,Consumer,North,Technology,Phones,Samsung Galaxy,777.22,1,0.21,-7.77
ORD0817,12/3/2024,12/5/2024,CUST056,Customer_15,Consumer,West,Furniture,Tables,Study Table,730.68,5,0.24,-29.23
ORD0818,2/1/2024,2/4/2024,CUST068,Customer_13,Consumer,South,Furniture,Tables,Study Table,455.8,1,0.13,31.91
ORD0819,12/14/2024,12/16/2024,CUST257,Customer_180,Consumer,South,Furniture,Chairs,Office Chair,303.62,2,0.04,48.58
ORD0820,5/16/2024,5/21/2024,CUST188,Customer_43,Corporate,East,Office Supplies,Binders,Clip Binder,145.61,5,0.13,10.19
ORD0821,10/29/2024,10/31/2024,CUST040,Customer_34,Home Office,West,Furniture,Chairs,Office Chair,414.42,1,0.01,78.74
ORD0822,10/24/2024,10/28/2024,CUST033,Customer_156,Home Office,East,Technology,Accessories,Mouse,935.14,2,0.05,140.27
ORD0823,11/16/2024,11/17/2024,CUST116,Customer_69,Home Office,East,Office Supplies,Paper,Notebook,113.02,5,0.06,15.82
ORD0824,5/4/2024,5/7/2024,CUST144,Customer_248,Home Office,West,Technology,Computers,Laptop,747.51,3,0.23,-22.43
ORD0825,1/4/2024,1/6/2024,CUST047,Customer_191,Home Office,North,Furniture,Bookcases,Metal Bookcase,78.79,5,0.22,-1.58
ORD0826,6/19/2024,6/21/2024,CUST044,Customer_41,Corporate,North,Office Supplies,Storage,File Cabinet,377.31,3,0.16,15.09
ORD0827,7/4/2024,7/5/2024,CUST167,Customer_233,Consumer,North,Technology,Computers,Laptop,698.37,1,0.27,-48.89
ORD0828,6/27/2024,6/28/2024,CUST207,Customer_200,Consumer,East,Furniture,Chairs,Gaming Chair,875.19,2,0.29,-78.77
ORD0829,6/14/2024,6/21/2024,CUST140,Customer_123,Corporate,North,Technology,Computers,Laptop,838.44,5,0.06,117.38
ORD0830,6/27/2024,7/1/2024,CUST137,Customer_57,Corporate,North,Office Supplies,Storage,Storage Box,322.27,3,0.19,3.22
ORD0831,1/14/2024,1/21/2024,CUST059,Customer_1,Home Office,East,Furniture,Chairs,Office Chair,181.5,3,0.26,-10.89
ORD0832,4/17/2024,4/21/2024,CUST139,Customer_270,Corporate,East,Office Supplies,Storage,File Cabinet,266.05,5,0.13,18.62
ORD0833,5/27/2024,6/2/2024,CUST032,Customer_15,Corporate,North,Furniture,Bookcases,Metal Bookcase,960.7,4,0.14,57.64
ORD0834,1/9/2024,1/15/2024,CUST173,Customer_290,Home Office,South,Office Supplies,Paper,A4 Paper Pack,653.92,2,0.24,-26.16
ORD0835,9/16/2024,9/17/2024,CUST114,Customer_160,Home Office,South,Furniture,Tables,Study Table,425.13,1,0.04,68.02
ORD0836,6/25/2024,6/29/2024,CUST110,Customer_23,Consumer,South,Office Supplies,Binders,Ring Binder,177.99,3,0.28,-14.24
ORD0837,3/15/2024,3/22/2024,CUST193,Customer_277,Corporate,West,Furniture,Chairs,Gaming Chair,662.72,3,0.05,99.41
ORD0838,7/10/2024,7/11/2024,CUST036,Customer_266,Corporate,North,Furniture,Bookcases,Metal Bookcase,368.19,5,0.08,44.18
ORD0839,11/23/2024,11/24/2024,CUST075,Customer_173,Home Office,South,Technology,Computers,Desktop,664.08,1,0.09,73.05
ORD0840,6/4/2024,6/5/2024,CUST250,Customer_249,Consumer,East,Office Supplies,Paper,A4 Paper Pack,292.11,4,0.02,52.58
ORD0841,9/29/2024,10/1/2024,CUST114,Customer_10,Consumer,South,Technology,Accessories,Headphones,245.43,1,0.15,12.27
ORD0842,10/11/2024,10/15/2024,CUST290,Customer_179,Consumer,East,Office Supplies,Paper,A4 Paper Pack,486.18,2,0.23,-14.59
ORD0843,11/13/2024,11/15/2024,CUST004,Customer_51,Home Office,North,Furniture,Bookcases,Metal Bookcase,683.91,2,0.09,75.23
ORD0844,3/9/2024,3/13/2024,CUST183,Customer_190,Home Office,East,Technology,Phones,Samsung Galaxy,501.79,5,0.19,5.02
ORD0845,4/1/2024,4/2/2024,CUST003,Customer_185,Corporate,West,Office Supplies,Paper,A4 Paper Pack,697.81,4,0.25,-34.89
ORD0846,5/24/2024,5/31/2024,CUST202,Customer_236,Corporate,North,Office Supplies,Paper,Notebook,277.25,1,0.25,-13.86
ORD0847,3/30/2024,4/2/2024,CUST178,Customer_259,Home Office,North,Technology,Computers,Laptop,315.77,2,0.15,15.79
ORD0848,3/29/2024,4/1/2024,CUST205,Customer_242,Consumer,North,Technology,Accessories,Mouse,519.59,4,0.12,41.57
ORD0849,6/18/2024,6/25/2024,CUST109,Customer_15,Corporate,North,Technology,Phones,Samsung Galaxy,464.49,4,0.29,-41.8
ORD0850,1/8/2024,1/9/2024,CUST205,Customer_130,Corporate,South,Office Supplies,Binders,Clip Binder,969.26,2,0.05,145.39
ORD0851,1/6/2024,1/11/2024,CUST207,Customer_101,Home Office,East,Technology,Phones,iPhone,984.06,3,0.1,98.41
ORD0852,11/27/2024,12/2/2024,CUST257,Customer_15,Home Office,West,Office Supplies,Storage,Storage Box,766.84,3,0.12,61.35
ORD0853,9/26/2024,10/2/2024,CUST178,Customer_291,Consumer,West,Office Supplies,Paper,Notebook,311.59,4,0.22,-6.23
ORD0854,3/20/2024,3/22/2024,CUST128,Customer_55,Home Office,North,Office Supplies,Storage,File Cabinet,493.89,2,0.16,19.76
ORD0855,5/20/2024,5/27/2024,CUST198,Customer_159,Corporate,North,Office Supplies,Storage,Storage Box,403,2,0.11,36.27
ORD0856,12/12/2024,12/14/2024,CUST293,Customer_53,Home Office,East,Office Supplies,Paper,A4 Paper Pack,780.88,5,0.08,93.71
ORD0857,3/13/2024,3/14/2024,CUST038,Customer_101,Home Office,South,Technology,Phones,Samsung Galaxy,817.61,3,0.03,138.99
ORD0858,5/22/2024,5/29/2024,CUST016,Customer_84,Corporate,South,Office Supplies,Storage,Storage Box,986.4,4,0.16,39.46
ORD0859,2/17/2024,2/20/2024,CUST212,Customer_139,Home Office,South,Technology,Computers,Laptop,994.74,4,0.23,-29.84
ORD0860,7/17/2024,7/20/2024,CUST130,Customer_261,Home Office,East,Office Supplies,Storage,File Cabinet,717.52,2,0.26,-43.05
ORD0861,5/6/2024,5/8/2024,CUST126,Customer_262,Corporate,South,Technology,Phones,iPhone,190.31,1,0.11,17.13
ORD0862,8/30/2024,9/1/2024,CUST233,Customer_170,Consumer,West,Office Supplies,Binders,Clip Binder,852.77,2,0.17,25.58
ORD0863,6/8/2024,6/9/2024,CUST115,Customer_86,Consumer,East,Furniture,Chairs,Gaming Chair,376.65,2,0.25,-18.83
ORD0864,4/13/2024,4/15/2024,CUST021,Customer_95,Home Office,East,Furniture,Tables,Study Table,234.26,5,0.15,11.71
ORD0865,12/30/2024,1/5/2025,CUST123,Customer_163,Consumer,East,Office Supplies,Binders,Ring Binder,787.74,1,0.03,133.92
ORD0866,7/24/2024,7/31/2024,CUST225,Customer_263,Corporate,East,Furniture,Tables,Study Table,823.74,5,0.26,-49.42
ORD0867,8/20/2024,8/26/2024,CUST165,Customer_291,Corporate,North,Furniture,Bookcases,Metal Bookcase,540.38,5,0.2,0
ORD0868,3/15/2024,3/17/2024,CUST123,Customer_70,Home Office,East,Furniture,Bookcases,Metal Bookcase,382.21,1,0.3,-38.22
ORD0869,9/22/2024,9/28/2024,CUST204,Customer_130,Consumer,West,Office Supplies,Storage,File Cabinet,487.2,1,0.08,58.46
ORD0870,10/18/2024,10/22/2024,CUST170,Customer_138,Home Office,South,Technology,Phones,Samsung Galaxy,723.4,5,0.23,-21.7
ORD0871,2/10/2024,2/13/2024,CUST122,Customer_212,Consumer,East,Furniture,Bookcases,Wooden Bookcase,637.87,2,0.18,12.76
ORD0872,1/18/2024,1/20/2024,CUST093,Customer_15,Consumer,East,Office Supplies,Storage,Storage Box,280.35,2,0.23,-8.41
ORD0873,10/22/2024,10/24/2024,CUST196,Customer_145,Home Office,North,Office Supplies,Storage,File Cabinet,445.8,1,0.14,26.75
ORD0874,3/25/2024,3/31/2024,CUST125,Customer_269,Consumer,South,Office Supplies,Binders,Clip Binder,381.08,4,0.11,34.3
ORD0875,5/24/2024,5/28/2024,CUST213,Customer_123,Consumer,North,Furniture,Tables,Study Table,214.15,4,0.25,-10.71
ORD0876,8/18/2024,8/21/2024,CUST123,Customer_261,Home Office,West,Office Supplies,Storage,File Cabinet,113.52,3,0.2,0
ORD0877,6/1/2024,6/2/2024,CUST217,Customer_289,Corporate,West,Office Supplies,Storage,Storage Box,881.56,1,0.02,158.68
ORD0878,11/15/2024,11/20/2024,CUST198,Customer_91,Home Office,West,Technology,Accessories,Headphones,557.24,4,0.23,-16.72
ORD0879,1/25/2024,1/28/2024,CUST230,Customer_65,Corporate,West,Office Supplies,Binders,Clip Binder,931.12,1,0,186.22
ORD0880,6/27/2024,6/29/2024,CUST287,Customer_176,Consumer,East,Technology,Phones,iPhone,939.39,4,0.16,37.58
ORD0881,10/17/2024,10/20/2024,CUST031,Customer_280,Home Office,North,Technology,Phones,Samsung Galaxy,737.25,2,0.07,95.84
ORD0882,8/25/2024,8/26/2024,CUST015,Customer_56,Corporate,West,Furniture,Tables,Study Table,360.91,5,0.11,32.48
ORD0883,8/13/2024,8/17/2024,CUST192,Customer_215,Consumer,North,Office Supplies,Binders,Ring Binder,442.08,3,0,88.42
ORD0884,5/8/2024,5/12/2024,CUST239,Customer_217,Consumer,South,Technology,Accessories,Mouse,967.74,3,0.08,116.13
ORD0885,2/8/2024,2/9/2024,CUST046,Customer_180,Home Office,West,Furniture,Chairs,Office Chair,905.91,5,0.2,0
ORD0886,5/29/2024,6/2/2024,CUST180,Customer_44,Home Office,North,Technology,Accessories,Headphones,831.37,3,0.18,16.63
ORD0887,10/25/2024,10/26/2024,CUST270,Customer_125,Consumer,North,Technology,Accessories,Mouse,859.66,3,0.26,-51.58
ORD0888,9/19/2024,9/21/2024,CUST065,Customer_154,Home Office,North,Furniture,Chairs,Gaming Chair,984.95,5,0.24,-39.4
ORD0889,1/6/2024,1/12/2024,CUST061,Customer_239,Consumer,South,Furniture,Bookcases,Metal Bookcase,114.33,4,0.01,21.72
ORD0890,7/23/2024,7/30/2024,CUST147,Customer_61,Home Office,East,Furniture,Bookcases,Metal Bookcase,165.66,5,0.18,3.31
ORD0891,8/28/2024,8/30/2024,CUST034,Customer_263,Consumer,West,Furniture,Tables,Study Table,371.83,1,0.01,70.65
ORD0892,12/20/2024,12/23/2024,CUST150,Customer_90,Consumer,South,Office Supplies,Binders,Ring Binder,179.16,3,0.09,19.71
ORD0893,5/20/2024,5/21/2024,CUST178,Customer_143,Home Office,West,Furniture,Chairs,Gaming Chair,91.56,2,0.23,-2.75
ORD0894,3/15/2024,3/16/2024,CUST208,Customer_85,Home Office,South,Office Supplies,Paper,A4 Paper Pack,957.35,2,0.25,-47.87
ORD0895,2/9/2024,2/16/2024,CUST050,Customer_151,Consumer,West,Technology,Phones,Samsung Galaxy,849.56,2,0.1,84.96
ORD0896,2/28/2024,3/1/2024,CUST179,Customer_85,Corporate,North,Technology,Computers,Laptop,401.44,4,0.27,-28.1
ORD0897,6/17/2024,6/18/2024,CUST245,Customer_235,Consumer,West,Technology,Computers,Desktop,327.36,5,0.09,36.01
ORD0898,4/11/2024,4/14/2024,CUST272,Customer_171,Corporate,West,Office Supplies,Paper,A4 Paper Pack,814.7,1,0.13,57.03
ORD0899,1/14/2024,1/17/2024,CUST070,Customer_163,Home Office,East,Technology,Phones,Samsung Galaxy,396.99,3,0.17,11.91
ORD0900,5/12/2024,5/19/2024,CUST111,Customer_187,Consumer,West,Furniture,Bookcases,Wooden Bookcase,491.59,4,0,98.32
ORD0901,6/6/2024,6/10/2024,CUST248,Customer_255,Home Office,South,Office Supplies,Paper,Notebook,450.68,4,0.26,-27.04
ORD0902,2/5/2024,2/10/2024,CUST013,Customer_259,Home Office,South,Technology,Accessories,Headphones,925.66,3,0,185.13
ORD0903,9/11/2024,9/16/2024,CUST151,Customer_202,Home Office,West,Office Supplies,Binders,Ring Binder,164.03,2,0.2,0
ORD0904,3/10/2024,3/15/2024,CUST117,Customer_73,Consumer,South,Technology,Accessories,Headphones,999.3,1,0.24,-39.97
ORD0905,9/20/2024,9/24/2024,CUST109,Customer_197,Consumer,West,Office Supplies,Binders,Ring Binder,790.72,2,0.23,-23.72
ORD0906,8/12/2024,8/14/2024,CUST078,Customer_4,Consumer,South,Furniture,Bookcases,Wooden Bookcase,682.95,3,0.15,34.15
ORD0907,1/2/2024,1/3/2024,CUST245,Customer_189,Corporate,South,Technology,Phones,iPhone,311.81,5,0.27,-21.83
ORD0908,10/9/2024,10/16/2024,CUST021,Customer_277,Home Office,East,Furniture,Bookcases,Wooden Bookcase,831.84,1,0.12,66.55
ORD0909,2/1/2024,2/8/2024,CUST030,Customer_251,Corporate,East,Office Supplies,Binders,Clip Binder,943.15,3,0.02,169.77
ORD0910,1/15/2024,1/16/2024,CUST133,Customer_12,Home Office,North,Technology,Accessories,Mouse,290.54,1,0.04,46.49
ORD0911,2/6/2024,2/13/2024,CUST281,Customer_157,Consumer,West,Furniture,Tables,Dining Table,557.12,4,0.15,27.86
ORD0912,1/28/2024,2/4/2024,CUST100,Customer_232,Home Office,North,Furniture,Chairs,Gaming Chair,595.66,2,0.04,95.31
ORD0913,8/14/2024,8/21/2024,CUST041,Customer_85,Corporate,East,Technology,Phones,iPhone,606.32,3,0.15,30.32
ORD0914,2/26/2024,2/29/2024,CUST022,Customer_107,Corporate,South,Technology,Computers,Desktop,471.54,4,0.12,37.72
ORD0915,9/25/2024,9/26/2024,CUST189,Customer_290,Consumer,East,Technology,Phones,iPhone,978.54,4,0.21,-9.79
ORD0916,6/7/2024,6/12/2024,CUST156,Customer_114,Corporate,East,Furniture,Bookcases,Metal Bookcase,508.21,3,0.17,15.25
ORD0917,7/4/2024,7/10/2024,CUST136,Customer_232,Home Office,North,Office Supplies,Storage,Storage Box,494.04,2,0.01,93.87
ORD0918,7/25/2024,7/26/2024,CUST297,Customer_116,Corporate,West,Technology,Phones,iPhone,819.98,3,0.29,-73.8
ORD0919,9/23/2024,9/30/2024,CUST275,Customer_182,Corporate,South,Furniture,Chairs,Gaming Chair,62.59,4,0.08,7.51
ORD0920,5/12/2024,5/16/2024,CUST008,Customer_185,Corporate,East,Furniture,Tables,Dining Table,295.35,4,0.26,-17.72
ORD0921,11/9/2024,11/16/2024,CUST030,Customer_36,Consumer,East,Technology,Computers,Laptop,487.76,4,0.14,29.27
ORD0922,12/28/2024,12/30/2024,CUST116,Customer_186,Corporate,South,Furniture,Tables,Dining Table,965.18,4,0.25,-48.26
ORD0923,11/17/2024,11/18/2024,CUST053,Customer_108,Consumer,South,Office Supplies,Paper,Notebook,423.21,3,0.13,29.62
ORD0924,3/31/2024,4/4/2024,CUST278,Customer_234,Home Office,North,Technology,Accessories,Headphones,425.85,2,0.13,29.81
ORD0925,9/17/2024,9/21/2024,CUST215,Customer_165,Corporate,South,Furniture,Bookcases,Metal Bookcase,754.08,5,0.28,-60.33
ORD0926,1/10/2024,1/16/2024,CUST164,Customer_189,Corporate,West,Furniture,Bookcases,Wooden Bookcase,302.56,3,0.27,-21.18
ORD0927,12/12/2024,12/17/2024,CUST197,Customer_237,Consumer,West,Furniture,Bookcases,Metal Bookcase,160.1,4,0.13,11.21
ORD0928,8/30/2024,9/5/2024,CUST189,Customer_237,Consumer,East,Office Supplies,Storage,File Cabinet,865.7,3,0.22,-17.31
ORD0929,8/26/2024,8/31/2024,CUST076,Customer_236,Consumer,West,Technology,Phones,iPhone,379.15,3,0.29,-34.12
ORD0930,5/26/2024,5/27/2024,CUST130,Customer_154,Home Office,South,Furniture,Bookcases,Wooden Bookcase,648.1,1,0.19,6.48
ORD0931,1/17/2024,1/23/2024,CUST045,Customer_19,Consumer,North,Office Supplies,Paper,A4 Paper Pack,718.79,2,0.22,-14.38
ORD0932,11/14/2024,11/18/2024,CUST091,Customer_219,Corporate,East,Office Supplies,Binders,Ring Binder,400.46,5,0.19,4
ORD0933,5/8/2024,5/10/2024,CUST059,Customer_79,Consumer,South,Furniture,Chairs,Office Chair,427.69,4,0.06,59.88
ORD0934,5/6/2024,5/7/2024,CUST138,Customer_245,Consumer,East,Office Supplies,Storage,Storage Box,778.04,4,0,155.61
ORD0935,3/3/2024,3/5/2024,CUST064,Customer_177,Home Office,West,Furniture,Bookcases,Wooden Bookcase,31.63,5,0.18,0.63
ORD0936,12/5/2024,12/11/2024,CUST150,Customer_118,Corporate,North,Technology,Phones,Samsung Galaxy,843.01,4,0.1,84.3
ORD0937,6/22/2024,6/24/2024,CUST046,Customer_254,Consumer,East,Office Supplies,Paper,A4 Paper Pack,885.36,5,0.25,-44.27
ORD0938,9/3/2024,9/10/2024,CUST037,Customer_112,Home Office,North,Office Supplies,Storage,File Cabinet,868.2,1,0.13,60.77
ORD0939,1/28/2024,1/30/2024,CUST102,Customer_191,Home Office,East,Technology,Phones,iPhone,704.9,1,0.14,42.29
ORD0940,4/27/2024,4/29/2024,CUST279,Customer_110,Home Office,East,Furniture,Chairs,Office Chair,989.21,1,0.17,29.68
ORD0941,4/1/2024,4/7/2024,CUST101,Customer_267,Consumer,West,Office Supplies,Storage,File Cabinet,216.93,2,0.3,-21.69
ORD0942,6/10/2024,6/13/2024,CUST141,Customer_214,Home Office,South,Furniture,Tables,Dining Table,575.8,2,0.08,69.1
ORD0943,7/18/2024,7/22/2024,CUST031,Customer_211,Corporate,West,Office Supplies,Paper,A4 Paper Pack,393.63,2,0.15,19.68
ORD0944,12/14/2024,12/17/2024,CUST073,Customer_251,Consumer,North,Furniture,Chairs,Office Chair,783.53,2,0.28,-62.68
ORD0945,9/10/2024,9/16/2024,CUST187,Customer_144,Consumer,South,Furniture,Chairs,Office Chair,444.3,5,0.01,84.42
ORD0946,12/20/2024,12/25/2024,CUST291,Customer_82,Home Office,South,Office Supplies,Binders,Clip Binder,412.93,3,0.1,41.29
ORD0947,11/15/2024,11/19/2024,CUST243,Customer_86,Corporate,West,Furniture,Tables,Dining Table,516.49,1,0.02,92.97
ORD0948,11/23/2024,11/27/2024,CUST215,Customer_5,Home Office,West,Furniture,Chairs,Gaming Chair,179.07,4,0.02,32.23
ORD0949,11/17/2024,11/24/2024,CUST220,Customer_212,Consumer,West,Technology,Accessories,Mouse,701.02,2,0.11,63.09
ORD0950,3/31/2024,4/4/2024,CUST112,Customer_146,Consumer,North,Furniture,Chairs,Gaming Chair,751.65,5,0.13,52.62
ORD0951,10/2/2024,10/6/2024,CUST009,Customer_172,Consumer,North,Furniture,Chairs,Office Chair,778.75,4,0.17,23.36
ORD0952,2/4/2024,2/11/2024,CUST218,Customer_111,Consumer,South,Technology,Phones,Samsung Galaxy,713.23,1,0.1,71.32
ORD0953,6/6/2024,6/13/2024,CUST200,Customer_245,Consumer,West,Furniture,Chairs,Office Chair,865.36,2,0.06,121.15
ORD0954,11/19/2024,11/21/2024,CUST174,Customer_140,Consumer,East,Furniture,Chairs,Gaming Chair,71.99,4,0.3,-7.2
ORD0955,2/28/2024,3/1/2024,CUST223,Customer_122,Consumer,East,Technology,Computers,Laptop,388.03,3,0.29,-34.92
ORD0956,7/13/2024,7/20/2024,CUST107,Customer_88,Consumer,East,Office Supplies,Storage,Storage Box,426.83,5,0.26,-25.61
ORD0957,10/5/2024,10/9/2024,CUST065,Customer_160,Home Office,North,Office Supplies,Paper,Notebook,49.52,5,0.24,-1.98
ORD0958,11/19/2024,11/21/2024,CUST289,Customer_200,Home Office,West,Office Supplies,Storage,File Cabinet,372.35,3,0.21,-3.72
ORD0959,9/17/2024,9/20/2024,CUST003,Customer_78,Consumer,North,Office Supplies,Storage,Storage Box,827.1,3,0.26,-49.63
ORD0960,7/28/2024,8/3/2024,CUST153,Customer_61,Consumer,South,Technology,Accessories,Mouse,367.81,3,0.18,7.36
ORD0961,11/7/2024,11/11/2024,CUST251,Customer_100,Corporate,North,Technology,Computers,Desktop,68.86,1,0.13,4.82
ORD0962,5/20/2024,5/22/2024,CUST046,Customer_91,Consumer,North,Office Supplies,Storage,File Cabinet,673.85,5,0.09,74.12
ORD0963,5/9/2024,5/11/2024,CUST257,Customer_4,Consumer,North,Furniture,Chairs,Gaming Chair,279.59,2,0.21,-2.8
ORD0964,10/3/2024,10/7/2024,CUST106,Customer_286,Home Office,North,Technology,Phones,Samsung Galaxy,774.79,3,0.15,38.74
ORD0965,11/20/2024,11/24/2024,CUST242,Customer_62,Corporate,South,Furniture,Tables,Dining Table,605.45,5,0.2,0
ORD0966,5/15/2024,5/22/2024,CUST261,Customer_81,Consumer,South,Furniture,Bookcases,Wooden Bookcase,877.95,5,0.12,70.24
ORD0967,10/16/2024,10/18/2024,CUST097,Customer_22,Consumer,East,Furniture,Chairs,Office Chair,40.93,4,0.19,0.41
ORD0968,10/29/2024,11/2/2024,CUST271,Customer_293,Corporate,East,Furniture,Tables,Study Table,234.07,3,0.22,-4.68
ORD0969,8/5/2024,8/10/2024,CUST229,Customer_149,Home Office,East,Office Supplies,Paper,A4 Paper Pack,852.85,5,0.16,34.11
ORD0970,7/18/2024,7/20/2024,CUST253,Customer_114,Home Office,East,Furniture,Tables,Study Table,263.26,3,0.17,7.9
ORD0971,3/28/2024,4/2/2024,CUST179,Customer_171,Consumer,West,Technology,Computers,Laptop,559.83,5,0.2,0
ORD0972,6/6/2024,6/12/2024,CUST090,Customer_157,Corporate,North,Technology,Phones,Samsung Galaxy,479.15,1,0.23,-14.37
ORD0973,11/14/2024,11/18/2024,CUST293,Customer_266,Consumer,East,Office Supplies,Paper,A4 Paper Pack,811.56,2,0.09,89.27
ORD0974,10/2/2024,10/5/2024,CUST098,Customer_28,Corporate,South,Furniture,Chairs,Gaming Chair,256.95,4,0.03,43.68
ORD0975,10/26/2024,10/29/2024,CUST190,Customer_97,Home Office,South,Office Supplies,Binders,Ring Binder,551.77,1,0.05,82.77
ORD0976,8/5/2024,8/11/2024,CUST081,Customer_101,Consumer,West,Furniture,Chairs,Office Chair,813.06,2,0.23,-24.39
ORD0977,4/14/2024,4/19/2024,CUST048,Customer_288,Consumer,North,Technology,Phones,Samsung Galaxy,542.69,5,0.04,86.83
ORD0978,1/27/2024,2/1/2024,CUST038,Customer_116,Corporate,West,Office Supplies,Binders,Ring Binder,720.91,3,0.2,0
ORD0979,8/30/2024,9/6/2024,CUST083,Customer_145,Corporate,West,Office Supplies,Paper,A4 Paper Pack,472.77,2,0.05,70.92
ORD0980,8/23/2024,8/26/2024,CUST147,Customer_103,Home Office,East,Technology,Accessories,Headphones,709.72,4,0.27,-49.68
ORD0981,11/5/2024,11/9/2024,CUST205,Customer_293,Corporate,West,Furniture,Bookcases,Wooden Bookcase,166.76,2,0.21,-1.67
ORD0982,9/5/2024,9/6/2024,CUST011,Customer_81,Corporate,North,Furniture,Tables,Dining Table,80.92,4,0.06,11.33
ORD0983,1/12/2024,1/15/2024,CUST184,Customer_273,Consumer,East,Office Supplies,Paper,A4 Paper Pack,395.6,3,0.09,43.52
ORD0984,1/9/2024,1/14/2024,CUST044,Customer_196,Consumer,South,Furniture,Bookcases,Metal Bookcase,766.12,5,0.11,68.95
ORD0985,3/7/2024,3/13/2024,CUST260,Customer_133,Corporate,East,Furniture,Bookcases,Metal Bookcase,980.5,5,0.23,-29.41
ORD0986,12/28/2024,1/2/2025,CUST035,Customer_175,Home Office,South,Furniture,Tables,Study Table,423.82,2,0.12,33.91
ORD0987,12/17/2024,12/21/2024,CUST161,Customer_175,Consumer,South,Furniture,Bookcases,Metal Bookcase,640.11,2,0.17,19.2
ORD0988,12/19/2024,12/25/2024,CUST006,Customer_108,Corporate,South,Furniture,Tables,Dining Table,786.89,4,0.15,39.34
ORD0989,6/10/2024,6/11/2024,CUST042,Customer_273,Corporate,East,Furniture,Chairs,Office Chair,343.57,5,0.3,-34.36
ORD0990,2/4/2024,2/9/2024,CUST140,Customer_170,Home Office,West,Technology,Accessories,Mouse,668.36,4,0.16,26.73
ORD0991,11/8/2024,11/9/2024,CUST072,Customer_179,Consumer,North,Technology,Computers,Laptop,330.49,3,0.05,49.57
ORD0992,12/21/2024,12/25/2024,CUST161,Customer_84,Corporate,East,Furniture,Chairs,Office Chair,579.14,5,0.16,23.17
ORD0993,2/18/2024,2/24/2024,CUST014,Customer_9,Home Office,North,Technology,Phones,iPhone,92.73,1,0.02,16.69
ORD0994,8/5/2024,8/9/2024,CUST203,Customer_121,Home Office,South,Technology,Accessories,Headphones,291.65,3,0.29,-26.25
ORD0995,6/21/2024,6/25/2024,CUST222,Customer_26,Home Office,South,Technology,Computers,Desktop,227,1,0.13,15.89
ORD0996,6/13/2024,6/16/2024,CUST055,Customer_244,Corporate,West,Office Supplies,Binders,Clip Binder,126.77,5,0.25,-6.34
ORD0997,5/14/2024,5/19/2024,CUST034,Customer_85,Consumer,South,Office Supplies,Paper,A4 Paper Pack,784.89,3,0.05,117.73
ORD0998,3/2/2024,3/4/2024,CUST199,Customer_242,Consumer,South,Furniture,Bookcases,Metal Bookcase,427.75,2,0.07,55.61
ORD0999,8/31/2024,9/7/2024,CUST221,Customer_206,Corporate,North,Furniture,Bookcases,Metal Bookcase,415.82,1,0.28,-33.27
ORD1000,1/2/2024,1/8/2024,CUST042,Customer_151,Home Office,West,Technology,Phones,Samsung Galaxy,263.58,1,0.02,47.44
